filename,x_min,y_min,x_max,y_max,class_id
result/random_shapes_1.png,24,83,39,98,circle
result/random_shapes_2.png,13,18,82,90,triangle
result/random_shapes_2.png,11,11,50,50,circle
result/random_shapes_2.png,20,45,48,65,rectangle
result/random_shapes_3.png,1,43,42,90,rectangle
result/random_shapes_3.png,88,54,100,68,rectangle
result/random_shapes_3.png,14,81,30,97,circle
result/random_shapes_4.png,21,74,67,91,rectangle
result/random_shapes_5.png,21,9,59,47,circle
result/random_shapes_5.png,30,69,87,86,triangle
result/random_shapes_6.png,16,43,27,56,rectangle
result/random_shapes_6.png,62,54,81,66,rectangle
result/random_shapes_6.png,7,23,29,45,circle
result/random_shapes_7.png,45,22,70,47,circle
result/random_shapes_7.png,30,60,56,76,rectangle
result/random_shapes_7.png,19,32,69,69,rectangle
result/random_shapes_8.png,63,38,98,73,circle
result/random_shapes_8.png,6,31,96,56,triangle
result/random_shapes_9.png,28,23,64,59,rectangle
result/random_shapes_9.png,3,0,69,86,triangle
result/random_shapes_9.png,13,26,74,67,triangle
result/random_shapes_10.png,43,31,93,71,rectangle
result/random_shapes_11.png,38,62,87,74,rectangle
result/random_shapes_12.png,6,67,25,86,circle
result/random_shapes_12.png,68,18,82,32,circle
result/random_shapes_13.png,17,26,58,67,circle
result/random_shapes_13.png,12,41,49,78,circle
result/random_shapes_14.png,28,50,69,91,circle
result/random_shapes_14.png,1,36,43,77,rectangle
result/random_shapes_14.png,31,27,59,54,triangle
result/random_shapes_15.png,17,29,64,76,circle
result/random_shapes_15.png,32,67,42,100,triangle
result/random_shapes_15.png,64,35,75,55,rectangle
result/random_shapes_16.png,23,33,35,57,rectangle
result/random_shapes_16.png,36,46,64,74,circle
result/random_shapes_16.png,38,20,54,48,rectangle
result/random_shapes_17.png,65,10,83,64,triangle
result/random_shapes_17.png,35,21,64,61,rectangle
result/random_shapes_18.png,75,4,98,27,circle
result/random_shapes_19.png,72,19,90,81,triangle
result/random_shapes_19.png,7,16,37,46,rectangle
result/random_shapes_19.png,48,37,76,90,triangle
result/random_shapes_20.png,17,5,49,32,triangle
result/random_shapes_20.png,67,70,92,98,rectangle
result/random_shapes_21.png,17,33,30,46,circle
result/random_shapes_22.png,51,26,77,93,triangle
result/random_shapes_22.png,34,20,68,48,rectangle
result/random_shapes_22.png,88,38,98,48,circle
result/random_shapes_23.png,29,2,98,88,triangle
result/random_shapes_23.png,57,51,91,87,rectangle
result/random_shapes_24.png,53,4,74,35,rectangle
result/random_shapes_24.png,15,56,82,93,triangle
result/random_shapes_24.png,75,7,100,53,rectangle
result/random_shapes_25.png,76,13,98,35,circle
result/random_shapes_26.png,56,3,93,40,circle
result/random_shapes_26.png,18,58,47,87,circle
result/random_shapes_27.png,77,48,99,70,circle
result/random_shapes_27.png,39,1,95,20,triangle
result/random_shapes_28.png,55,74,70,89,circle
result/random_shapes_29.png,66,64,94,83,rectangle
result/random_shapes_29.png,17,38,92,74,triangle
result/random_shapes_30.png,19,55,60,96,circle
result/random_shapes_31.png,36,35,63,62,circle
result/random_shapes_31.png,1,13,23,35,circle
result/random_shapes_32.png,10,21,43,63,rectangle
result/random_shapes_32.png,52,47,67,62,circle
result/random_shapes_32.png,24,23,51,37,rectangle
result/random_shapes_33.png,59,1,79,40,rectangle
result/random_shapes_33.png,52,59,77,90,triangle
result/random_shapes_34.png,13,70,44,99,triangle
result/random_shapes_34.png,29,63,53,87,circle
result/random_shapes_34.png,22,5,67,21,rectangle
result/random_shapes_35.png,43,0,88,45,circle
result/random_shapes_36.png,68,44,81,57,circle
result/random_shapes_36.png,60,31,98,62,triangle
result/random_shapes_37.png,47,14,91,24,rectangle
result/random_shapes_37.png,36,10,50,82,triangle
result/random_shapes_38.png,56,49,81,78,rectangle
result/random_shapes_39.png,2,62,43,93,rectangle
result/random_shapes_40.png,10,14,49,53,circle
result/random_shapes_40.png,12,6,43,37,circle
result/random_shapes_40.png,36,81,53,98,circle
result/random_shapes_41.png,21,6,72,73,triangle
result/random_shapes_42.png,49,50,65,70,rectangle
result/random_shapes_43.png,35,80,52,93,rectangle
result/random_shapes_43.png,57,12,98,53,circle
result/random_shapes_43.png,20,15,85,61,triangle
result/random_shapes_44.png,32,4,81,73,triangle
result/random_shapes_45.png,31,1,56,26,circle
result/random_shapes_45.png,37,17,70,50,circle
result/random_shapes_45.png,23,43,42,62,circle
result/random_shapes_46.png,13,24,48,72,rectangle
result/random_shapes_46.png,6,6,37,37,circle
result/random_shapes_47.png,17,62,39,84,circle
result/random_shapes_48.png,19,31,62,68,triangle
result/random_shapes_48.png,26,67,71,93,rectangle
result/random_shapes_48.png,47,22,94,69,circle
result/random_shapes_49.png,3,36,32,65,circle
result/random_shapes_50.png,41,68,65,92,circle
result/random_shapes_51.png,74,86,92,97,rectangle
result/random_shapes_52.png,39,5,71,75,triangle
result/random_shapes_52.png,30,12,91,80,triangle
result/random_shapes_52.png,47,44,68,65,circle
result/random_shapes_53.png,50,56,93,89,rectangle
result/random_shapes_53.png,12,9,100,13,triangle
result/random_shapes_54.png,22,64,55,97,circle
result/random_shapes_54.png,67,23,78,98,triangle
result/random_shapes_54.png,87,36,98,93,triangle
result/random_shapes_55.png,13,8,80,73,triangle
result/random_shapes_55.png,4,12,99,69,triangle
result/random_shapes_55.png,52,3,94,67,triangle
result/random_shapes_56.png,66,16,93,56,rectangle
result/random_shapes_57.png,4,31,49,76,circle
result/random_shapes_57.png,28,8,50,30,circle
result/random_shapes_57.png,41,39,80,81,rectangle
result/random_shapes_58.png,2,44,32,74,circle
result/random_shapes_58.png,60,23,95,58,circle
result/random_shapes_59.png,57,16,73,32,circle
result/random_shapes_59.png,34,37,78,81,circle
result/random_shapes_59.png,1,68,32,79,rectangle
result/random_shapes_60.png,10,15,100,38,triangle
result/random_shapes_60.png,17,24,95,42,triangle
result/random_shapes_61.png,4,26,43,65,circle
result/random_shapes_61.png,14,11,39,51,rectangle
result/random_shapes_61.png,12,5,23,16,circle
result/random_shapes_62.png,15,49,58,93,triangle
result/random_shapes_63.png,2,30,94,71,triangle
result/random_shapes_63.png,68,60,100,87,rectangle
result/random_shapes_63.png,12,15,47,64,rectangle
result/random_shapes_64.png,14,0,28,94,triangle
result/random_shapes_65.png,20,36,41,57,circle
result/random_shapes_65.png,11,50,36,74,rectangle
result/random_shapes_66.png,3,1,17,61,triangle
result/random_shapes_66.png,36,33,49,69,triangle
result/random_shapes_67.png,31,3,98,90,triangle
result/random_shapes_67.png,49,8,94,53,circle
result/random_shapes_68.png,11,41,45,71,rectangle
result/random_shapes_68.png,1,2,20,63,triangle
result/random_shapes_69.png,0,14,81,65,triangle
result/random_shapes_70.png,45,62,70,92,rectangle
result/random_shapes_71.png,25,51,37,85,rectangle
result/random_shapes_71.png,8,6,66,80,triangle
result/random_shapes_71.png,25,28,66,72,rectangle
result/random_shapes_72.png,18,13,53,36,rectangle
result/random_shapes_73.png,30,6,75,51,circle
result/random_shapes_73.png,11,9,95,79,triangle
result/random_shapes_73.png,32,12,58,38,circle
result/random_shapes_74.png,8,70,53,87,triangle
result/random_shapes_75.png,37,5,52,97,triangle
result/random_shapes_76.png,14,28,58,76,triangle
result/random_shapes_76.png,25,39,93,89,triangle
result/random_shapes_76.png,20,0,46,75,triangle
result/random_shapes_77.png,3,36,38,71,circle
result/random_shapes_77.png,51,42,94,85,circle
result/random_shapes_77.png,10,22,39,62,rectangle
result/random_shapes_78.png,40,2,85,47,circle
result/random_shapes_78.png,23,25,43,45,circle
result/random_shapes_79.png,8,22,20,61,rectangle
result/random_shapes_80.png,21,14,93,64,triangle
result/random_shapes_80.png,19,59,48,88,circle
result/random_shapes_80.png,56,21,74,60,rectangle
result/random_shapes_81.png,9,5,98,63,triangle
result/random_shapes_82.png,11,25,37,36,rectangle
result/random_shapes_82.png,27,30,64,67,circle
result/random_shapes_83.png,15,0,62,40,rectangle
result/random_shapes_83.png,45,21,60,36,circle
result/random_shapes_84.png,55,68,67,100,rectangle
result/random_shapes_84.png,3,3,30,73,triangle
result/random_shapes_85.png,50,42,100,84,triangle
result/random_shapes_85.png,67,2,88,51,rectangle
result/random_shapes_85.png,39,69,99,98,triangle
result/random_shapes_86.png,38,51,69,61,rectangle
result/random_shapes_86.png,38,53,54,86,rectangle
result/random_shapes_86.png,11,42,55,86,circle
result/random_shapes_87.png,32,57,61,86,circle
result/random_shapes_87.png,21,44,90,95,triangle
result/random_shapes_88.png,0,9,86,95,triangle
result/random_shapes_88.png,2,30,99,75,triangle
result/random_shapes_88.png,7,3,37,95,triangle
result/random_shapes_89.png,41,51,72,82,circle
result/random_shapes_89.png,43,82,62,92,rectangle
result/random_shapes_89.png,56,60,92,96,circle
result/random_shapes_90.png,28,24,50,46,circle
result/random_shapes_90.png,17,16,44,43,circle
result/random_shapes_91.png,13,24,61,64,rectangle
result/random_shapes_91.png,27,44,92,80,triangle
result/random_shapes_91.png,40,29,72,47,rectangle
result/random_shapes_92.png,62,38,82,52,rectangle
result/random_shapes_93.png,59,45,69,66,rectangle
result/random_shapes_93.png,1,33,93,93,triangle
result/random_shapes_94.png,71,63,96,93,rectangle
result/random_shapes_94.png,25,45,43,58,rectangle
result/random_shapes_95.png,50,12,62,37,rectangle
result/random_shapes_95.png,1,53,22,74,circle
result/random_shapes_95.png,79,11,100,60,rectangle
result/random_shapes_96.png,57,51,100,94,circle
result/random_shapes_97.png,50,13,78,41,circle
result/random_shapes_97.png,31,12,76,43,rectangle
result/random_shapes_98.png,74,11,95,98,triangle
result/random_shapes_98.png,7,24,41,27,triangle
result/random_shapes_99.png,11,75,22,86,circle
result/random_shapes_99.png,46,37,84,75,circle
result/random_shapes_99.png,23,55,61,98,rectangle
result/random_shapes_100.png,67,28,78,62,rectangle
result/random_shapes_100.png,17,2,55,60,triangle
result/random_shapes_100.png,14,34,26,54,rectangle
result/random_shapes_101.png,18,11,92,100,triangle
result/random_shapes_101.png,12,13,58,53,rectangle
result/random_shapes_101.png,31,37,80,64,triangle
result/random_shapes_102.png,57,53,90,96,rectangle
result/random_shapes_103.png,21,24,69,65,triangle
result/random_shapes_103.png,44,59,69,84,circle
result/random_shapes_104.png,72,26,89,43,circle
result/random_shapes_104.png,3,37,17,70,triangle
result/random_shapes_104.png,35,49,60,85,rectangle
result/random_shapes_105.png,43,17,69,96,triangle
result/random_shapes_105.png,31,44,62,79,rectangle
result/random_shapes_105.png,10,0,48,78,triangle
result/random_shapes_106.png,2,83,52,97,rectangle
result/random_shapes_106.png,18,30,88,63,triangle
result/random_shapes_106.png,79,44,89,54,circle
result/random_shapes_107.png,3,32,17,46,circle
result/random_shapes_108.png,8,30,95,82,triangle
result/random_shapes_108.png,20,19,64,67,rectangle
result/random_shapes_109.png,30,15,40,62,rectangle
result/random_shapes_109.png,35,32,94,87,triangle
result/random_shapes_110.png,35,29,71,65,circle
result/random_shapes_111.png,47,7,64,82,triangle
result/random_shapes_112.png,15,40,32,86,triangle
result/random_shapes_112.png,26,11,88,13,triangle
result/random_shapes_113.png,45,14,84,53,circle
result/random_shapes_114.png,65,36,84,71,rectangle
result/random_shapes_114.png,62,64,97,93,rectangle
result/random_shapes_115.png,43,0,54,11,circle
result/random_shapes_115.png,18,4,100,88,triangle
result/random_shapes_115.png,4,12,41,49,circle
result/random_shapes_116.png,27,1,59,80,triangle
result/random_shapes_117.png,5,6,97,73,triangle
result/random_shapes_118.png,35,63,58,86,circle
result/random_shapes_118.png,55,14,75,34,circle
result/random_shapes_119.png,57,61,87,82,rectangle
result/random_shapes_120.png,40,68,56,84,circle
result/random_shapes_120.png,14,39,64,89,circle
result/random_shapes_121.png,45,0,97,88,triangle
result/random_shapes_122.png,19,45,36,64,rectangle
result/random_shapes_123.png,61,81,73,93,circle
result/random_shapes_123.png,18,58,34,99,rectangle
result/random_shapes_124.png,51,16,66,33,rectangle
result/random_shapes_125.png,13,20,66,86,triangle
result/random_shapes_125.png,14,0,97,97,triangle
result/random_shapes_126.png,66,43,96,93,rectangle
result/random_shapes_127.png,26,31,69,85,triangle
result/random_shapes_127.png,72,52,82,62,circle
result/random_shapes_128.png,37,51,84,98,circle
result/random_shapes_128.png,57,33,76,79,rectangle
result/random_shapes_129.png,0,43,20,63,circle
result/random_shapes_129.png,66,16,98,48,circle
result/random_shapes_129.png,6,0,86,28,triangle
result/random_shapes_130.png,2,73,28,98,rectangle
result/random_shapes_130.png,60,56,81,95,triangle
result/random_shapes_130.png,69,32,94,57,circle
result/random_shapes_131.png,13,9,29,68,triangle
result/random_shapes_131.png,29,30,42,58,rectangle
result/random_shapes_131.png,45,54,81,90,circle
result/random_shapes_132.png,24,23,88,41,triangle
result/random_shapes_132.png,15,46,57,88,circle
result/random_shapes_133.png,18,59,40,81,circle
result/random_shapes_134.png,6,36,39,69,circle
result/random_shapes_134.png,1,72,44,82,rectangle
result/random_shapes_135.png,51,17,67,33,circle
result/random_shapes_135.png,8,1,47,40,circle
result/random_shapes_136.png,38,31,81,46,rectangle
result/random_shapes_137.png,43,23,81,37,rectangle
result/random_shapes_137.png,54,0,95,36,rectangle
result/random_shapes_137.png,1,23,32,46,rectangle
result/random_shapes_138.png,41,4,75,37,rectangle
result/random_shapes_138.png,64,35,90,61,circle
result/random_shapes_138.png,1,16,14,29,circle
result/random_shapes_139.png,32,46,76,94,rectangle
result/random_shapes_140.png,11,37,55,63,rectangle
result/random_shapes_141.png,14,23,78,82,triangle
result/random_shapes_141.png,66,7,90,76,triangle
result/random_shapes_141.png,18,9,95,87,triangle
result/random_shapes_142.png,3,22,42,61,circle
result/random_shapes_143.png,3,34,32,63,circle
result/random_shapes_144.png,62,45,89,72,circle
result/random_shapes_144.png,7,74,30,97,circle
result/random_shapes_145.png,11,67,87,88,triangle
result/random_shapes_145.png,60,35,81,56,circle
result/random_shapes_146.png,73,35,87,49,circle
result/random_shapes_146.png,62,56,94,84,rectangle
result/random_shapes_146.png,32,21,81,95,triangle
result/random_shapes_147.png,48,43,81,82,rectangle
result/random_shapes_147.png,46,6,93,53,circle
result/random_shapes_147.png,62,0,96,34,circle
result/random_shapes_148.png,27,22,75,66,rectangle
result/random_shapes_148.png,2,69,12,98,rectangle
result/random_shapes_149.png,47,2,96,77,triangle
result/random_shapes_149.png,52,24,92,64,circle
result/random_shapes_149.png,7,31,53,45,rectangle
result/random_shapes_150.png,20,18,66,74,triangle
result/random_shapes_150.png,13,0,96,96,triangle
result/random_shapes_150.png,84,1,94,50,rectangle
result/random_shapes_151.png,54,19,84,49,circle
result/random_shapes_151.png,73,32,91,50,circle
result/random_shapes_151.png,60,42,98,80,circle
result/random_shapes_152.png,20,19,84,28,triangle
result/random_shapes_152.png,1,37,46,70,rectangle
result/random_shapes_152.png,9,20,91,37,triangle
result/random_shapes_153.png,31,44,94,90,triangle
result/random_shapes_154.png,79,72,94,82,rectangle
result/random_shapes_154.png,12,61,57,93,rectangle
result/random_shapes_154.png,36,34,83,81,rectangle
result/random_shapes_155.png,17,48,78,66,triangle
result/random_shapes_155.png,45,57,79,91,circle
result/random_shapes_156.png,9,20,27,41,rectangle
result/random_shapes_157.png,37,53,88,87,triangle
result/random_shapes_158.png,51,51,76,72,triangle
result/random_shapes_158.png,14,22,82,50,triangle
result/random_shapes_158.png,80,40,95,60,rectangle
result/random_shapes_159.png,36,57,73,100,rectangle
result/random_shapes_159.png,1,23,83,70,triangle
result/random_shapes_160.png,24,45,67,88,circle
result/random_shapes_160.png,53,2,71,20,circle
result/random_shapes_160.png,9,21,57,69,circle
result/random_shapes_161.png,31,59,56,84,circle
result/random_shapes_161.png,21,11,54,41,rectangle
result/random_shapes_161.png,40,31,85,84,triangle
result/random_shapes_162.png,45,69,63,87,circle
result/random_shapes_162.png,27,25,73,96,triangle
result/random_shapes_162.png,58,41,99,82,circle
result/random_shapes_163.png,66,13,89,36,circle
result/random_shapes_163.png,32,23,67,46,triangle
result/random_shapes_164.png,43,1,65,24,rectangle
result/random_shapes_164.png,34,48,69,83,circle
result/random_shapes_165.png,41,53,86,64,rectangle
result/random_shapes_165.png,29,37,39,47,circle
result/random_shapes_165.png,74,26,92,85,triangle
result/random_shapes_166.png,15,33,57,60,rectangle
result/random_shapes_166.png,34,47,85,60,triangle
result/random_shapes_166.png,0,24,48,72,circle
result/random_shapes_167.png,29,6,62,48,rectangle
result/random_shapes_167.png,8,26,46,69,triangle
result/random_shapes_167.png,31,26,80,75,circle
result/random_shapes_168.png,20,67,53,83,triangle
result/random_shapes_168.png,50,62,97,96,rectangle
result/random_shapes_169.png,52,46,76,70,circle
result/random_shapes_169.png,5,15,69,75,triangle
result/random_shapes_169.png,67,20,79,32,circle
result/random_shapes_170.png,12,55,39,82,circle
result/random_shapes_171.png,62,6,95,35,rectangle
result/random_shapes_172.png,11,39,90,96,triangle
result/random_shapes_172.png,2,30,36,80,rectangle
result/random_shapes_172.png,27,50,77,100,circle
result/random_shapes_173.png,10,1,79,64,triangle
result/random_shapes_173.png,85,7,97,92,triangle
result/random_shapes_174.png,42,3,62,23,circle
result/random_shapes_175.png,46,51,68,73,circle
result/random_shapes_176.png,27,7,68,17,rectangle
result/random_shapes_176.png,21,17,83,80,triangle
result/random_shapes_176.png,9,24,40,74,rectangle
result/random_shapes_177.png,13,52,32,71,rectangle
result/random_shapes_177.png,50,17,94,50,rectangle
result/random_shapes_178.png,37,37,75,58,rectangle
result/random_shapes_179.png,4,23,52,71,circle
result/random_shapes_179.png,17,17,55,55,rectangle
result/random_shapes_179.png,27,28,80,66,triangle
result/random_shapes_180.png,11,39,34,80,rectangle
result/random_shapes_181.png,10,19,87,92,triangle
result/random_shapes_181.png,8,75,25,92,circle
result/random_shapes_181.png,1,20,92,73,triangle
result/random_shapes_182.png,38,62,83,76,rectangle
result/random_shapes_182.png,23,57,40,69,rectangle
result/random_shapes_183.png,69,27,94,52,circle
result/random_shapes_183.png,85,4,98,42,rectangle
result/random_shapes_184.png,68,11,89,61,rectangle
result/random_shapes_184.png,46,5,91,50,circle
result/random_shapes_185.png,40,30,82,72,circle
result/random_shapes_186.png,9,21,47,98,triangle
result/random_shapes_186.png,27,6,92,96,triangle
result/random_shapes_186.png,61,28,86,53,circle
result/random_shapes_187.png,31,10,96,66,triangle
result/random_shapes_187.png,9,39,81,80,triangle
result/random_shapes_187.png,49,2,85,39,triangle
result/random_shapes_188.png,50,2,64,77,triangle
result/random_shapes_188.png,18,29,63,74,circle
result/random_shapes_189.png,56,26,89,36,rectangle
result/random_shapes_189.png,39,21,77,54,rectangle
result/random_shapes_190.png,53,9,63,19,circle
result/random_shapes_190.png,6,4,55,47,triangle
result/random_shapes_191.png,4,54,42,92,circle
result/random_shapes_192.png,17,69,58,81,rectangle
result/random_shapes_193.png,46,55,56,65,circle
result/random_shapes_194.png,2,14,89,88,triangle
result/random_shapes_194.png,8,0,47,29,rectangle
result/random_shapes_194.png,43,57,60,74,circle
result/random_shapes_195.png,63,71,82,90,circle
result/random_shapes_195.png,20,4,62,36,rectangle
result/random_shapes_196.png,17,33,27,63,rectangle
result/random_shapes_196.png,52,54,94,96,circle
result/random_shapes_196.png,0,58,79,83,triangle
result/random_shapes_197.png,52,22,80,50,circle
result/random_shapes_197.png,57,5,89,37,circle
result/random_shapes_197.png,45,53,83,91,circle
result/random_shapes_198.png,52,10,72,28,rectangle
result/random_shapes_198.png,54,39,92,74,rectangle
result/random_shapes_198.png,31,1,79,49,circle
result/random_shapes_199.png,55,76,67,88,circle
result/random_shapes_199.png,50,20,90,68,rectangle
result/random_shapes_199.png,10,34,82,63,triangle
result/random_shapes_200.png,33,59,73,72,rectangle
result/random_shapes_200.png,46,21,66,41,circle
result/random_shapes_201.png,2,23,16,37,circle
result/random_shapes_201.png,30,27,76,89,triangle
result/random_shapes_201.png,53,24,90,40,rectangle
result/random_shapes_202.png,29,23,65,54,triangle
result/random_shapes_202.png,47,34,89,76,circle
result/random_shapes_203.png,21,27,64,54,rectangle
result/random_shapes_204.png,7,19,63,68,triangle
result/random_shapes_205.png,17,6,36,25,circle
result/random_shapes_206.png,63,12,86,36,rectangle
result/random_shapes_206.png,34,35,67,81,rectangle
result/random_shapes_207.png,50,12,63,39,rectangle
result/random_shapes_207.png,13,47,32,66,circle
result/random_shapes_207.png,25,22,43,45,rectangle
result/random_shapes_208.png,14,68,24,89,rectangle
result/random_shapes_209.png,36,48,55,79,rectangle
result/random_shapes_210.png,14,19,54,80,triangle
result/random_shapes_211.png,57,65,96,84,rectangle
result/random_shapes_211.png,78,13,99,26,rectangle
result/random_shapes_212.png,48,3,84,41,triangle
result/random_shapes_213.png,49,22,72,45,circle
result/random_shapes_213.png,39,54,57,83,rectangle
result/random_shapes_213.png,37,58,79,83,rectangle
result/random_shapes_214.png,8,31,33,54,rectangle
result/random_shapes_214.png,88,47,100,96,rectangle
result/random_shapes_215.png,49,24,65,40,circle
result/random_shapes_216.png,63,47,86,78,rectangle
result/random_shapes_216.png,3,17,38,52,circle
result/random_shapes_217.png,25,34,47,56,circle
result/random_shapes_217.png,34,12,67,57,rectangle
result/random_shapes_218.png,13,43,45,75,circle
result/random_shapes_218.png,36,14,75,53,circle
result/random_shapes_219.png,12,27,92,68,triangle
result/random_shapes_219.png,4,29,95,80,triangle
result/random_shapes_219.png,1,42,32,80,triangle
result/random_shapes_220.png,40,37,61,58,rectangle
result/random_shapes_221.png,71,7,97,33,circle
result/random_shapes_221.png,10,18,75,61,triangle
result/random_shapes_222.png,61,45,77,94,rectangle
result/random_shapes_222.png,38,6,69,42,triangle
result/random_shapes_222.png,22,16,82,47,triangle
result/random_shapes_223.png,29,70,46,87,circle
result/random_shapes_223.png,1,33,37,77,rectangle
result/random_shapes_223.png,24,29,51,98,triangle
result/random_shapes_224.png,0,13,27,26,triangle
result/random_shapes_224.png,24,31,35,87,triangle
result/random_shapes_224.png,47,35,75,63,circle
result/random_shapes_225.png,63,22,99,46,rectangle
result/random_shapes_226.png,58,54,92,92,rectangle
result/random_shapes_226.png,27,1,97,84,triangle
result/random_shapes_226.png,37,4,77,44,circle
result/random_shapes_227.png,37,21,67,51,circle
result/random_shapes_227.png,63,7,78,56,rectangle
result/random_shapes_228.png,38,64,67,86,rectangle
result/random_shapes_228.png,26,39,73,87,rectangle
result/random_shapes_228.png,55,10,67,22,circle
result/random_shapes_229.png,24,0,84,100,triangle
result/random_shapes_229.png,31,48,66,88,rectangle
result/random_shapes_230.png,70,13,97,40,circle
result/random_shapes_230.png,49,31,90,67,rectangle
result/random_shapes_230.png,81,7,96,22,circle
result/random_shapes_231.png,66,54,93,82,rectangle
result/random_shapes_231.png,71,48,97,74,circle
result/random_shapes_231.png,54,36,66,48,circle
result/random_shapes_232.png,32,15,85,60,triangle
result/random_shapes_232.png,73,47,98,69,rectangle
result/random_shapes_233.png,9,4,53,95,triangle
result/random_shapes_233.png,81,11,92,99,triangle
result/random_shapes_233.png,39,22,88,72,rectangle
result/random_shapes_234.png,36,24,65,91,triangle
result/random_shapes_234.png,13,36,64,83,triangle
result/random_shapes_234.png,39,10,50,59,rectangle
result/random_shapes_235.png,5,15,53,63,circle
result/random_shapes_235.png,14,12,25,52,rectangle
result/random_shapes_235.png,39,1,83,45,circle
result/random_shapes_236.png,27,62,97,88,triangle
result/random_shapes_237.png,15,72,49,93,rectangle
result/random_shapes_237.png,31,2,72,32,rectangle
result/random_shapes_237.png,30,31,67,76,rectangle
result/random_shapes_238.png,9,19,86,81,triangle
result/random_shapes_238.png,10,27,28,45,rectangle
result/random_shapes_238.png,14,13,93,74,triangle
result/random_shapes_239.png,5,7,43,45,circle
result/random_shapes_239.png,41,34,81,65,rectangle
result/random_shapes_240.png,67,1,92,16,rectangle
result/random_shapes_240.png,3,1,80,48,triangle
result/random_shapes_241.png,52,67,73,88,circle
result/random_shapes_241.png,2,18,36,52,circle
result/random_shapes_242.png,56,57,76,79,rectangle
result/random_shapes_242.png,30,25,56,84,triangle
result/random_shapes_243.png,25,50,75,86,rectangle
result/random_shapes_243.png,46,64,76,94,circle
result/random_shapes_243.png,28,40,66,78,circle
result/random_shapes_244.png,56,46,86,79,rectangle
result/random_shapes_245.png,46,61,89,80,rectangle
result/random_shapes_245.png,30,8,77,41,rectangle
result/random_shapes_246.png,5,33,88,58,triangle
result/random_shapes_246.png,38,20,74,65,rectangle
result/random_shapes_247.png,0,24,52,88,triangle
result/random_shapes_247.png,34,31,81,64,rectangle
result/random_shapes_247.png,68,15,79,37,rectangle
result/random_shapes_248.png,37,10,86,55,rectangle
result/random_shapes_248.png,31,35,62,66,circle
result/random_shapes_249.png,3,23,99,96,triangle
result/random_shapes_250.png,13,43,37,82,rectangle
result/random_shapes_250.png,8,74,34,89,rectangle
result/random_shapes_251.png,34,20,64,50,triangle
result/random_shapes_252.png,23,8,51,33,rectangle
result/random_shapes_252.png,82,76,95,89,circle
result/random_shapes_252.png,62,57,79,74,circle
result/random_shapes_253.png,44,69,65,95,rectangle
result/random_shapes_254.png,38,40,50,70,rectangle
result/random_shapes_255.png,60,47,78,65,circle
result/random_shapes_255.png,48,17,84,47,rectangle
result/random_shapes_255.png,61,51,88,78,circle
result/random_shapes_256.png,40,44,67,71,circle
result/random_shapes_257.png,28,17,93,69,triangle
result/random_shapes_257.png,56,55,98,97,circle
result/random_shapes_258.png,59,59,77,72,rectangle
result/random_shapes_258.png,29,28,89,56,triangle
result/random_shapes_259.png,3,20,58,97,triangle
result/random_shapes_260.png,2,31,37,66,circle
result/random_shapes_261.png,23,32,40,95,triangle
result/random_shapes_262.png,26,16,76,66,circle
result/random_shapes_263.png,45,52,71,83,rectangle
result/random_shapes_263.png,23,11,47,50,rectangle
result/random_shapes_263.png,8,3,37,32,circle
result/random_shapes_264.png,68,61,94,86,rectangle
result/random_shapes_264.png,51,49,86,97,triangle
result/random_shapes_265.png,26,69,55,98,circle
result/random_shapes_265.png,52,45,63,67,rectangle
result/random_shapes_265.png,14,15,43,62,rectangle
result/random_shapes_266.png,0,51,54,83,triangle
result/random_shapes_266.png,38,1,71,98,triangle
result/random_shapes_267.png,51,0,96,20,triangle
result/random_shapes_267.png,41,17,73,49,circle
result/random_shapes_268.png,17,26,100,85,triangle
result/random_shapes_268.png,9,29,40,60,circle
result/random_shapes_268.png,26,50,53,77,circle
result/random_shapes_269.png,26,8,98,51,triangle
result/random_shapes_270.png,50,45,98,93,rectangle
result/random_shapes_271.png,14,51,51,88,circle
result/random_shapes_272.png,15,21,68,29,triangle
result/random_shapes_273.png,73,18,93,37,rectangle
result/random_shapes_273.png,52,26,63,37,circle
result/random_shapes_273.png,6,26,37,36,rectangle
result/random_shapes_274.png,48,3,76,31,circle
result/random_shapes_274.png,46,32,91,80,triangle
result/random_shapes_274.png,13,40,51,59,rectangle
result/random_shapes_275.png,24,59,45,84,rectangle
result/random_shapes_275.png,76,73,92,89,circle
result/random_shapes_275.png,38,77,59,98,circle
result/random_shapes_276.png,7,20,52,65,triangle
result/random_shapes_276.png,15,6,64,45,rectangle
result/random_shapes_277.png,38,21,64,44,triangle
result/random_shapes_278.png,4,76,86,99,triangle
result/random_shapes_278.png,74,50,84,94,rectangle
result/random_shapes_278.png,28,14,64,50,circle
result/random_shapes_279.png,27,37,77,87,circle
result/random_shapes_280.png,27,14,45,65,triangle
result/random_shapes_280.png,75,4,88,85,triangle
result/random_shapes_281.png,5,31,55,81,circle
result/random_shapes_282.png,3,67,73,85,triangle
result/random_shapes_282.png,1,38,45,82,circle
result/random_shapes_282.png,14,8,47,48,rectangle
result/random_shapes_283.png,33,14,62,43,circle
result/random_shapes_284.png,4,24,85,86,triangle
result/random_shapes_284.png,32,53,72,78,rectangle
result/random_shapes_285.png,57,21,98,62,circle
result/random_shapes_285.png,19,15,42,38,circle
result/random_shapes_285.png,53,58,90,95,circle
result/random_shapes_286.png,0,45,61,72,triangle
result/random_shapes_287.png,9,78,80,97,triangle
result/random_shapes_288.png,38,3,56,21,circle
result/random_shapes_289.png,34,52,72,90,circle
result/random_shapes_289.png,23,19,68,64,circle
result/random_shapes_290.png,0,13,46,44,rectangle
result/random_shapes_291.png,48,38,94,66,rectangle
result/random_shapes_291.png,0,16,42,58,circle
result/random_shapes_292.png,53,54,94,78,triangle
result/random_shapes_292.png,49,51,91,100,rectangle
result/random_shapes_292.png,56,83,67,94,circle
result/random_shapes_293.png,12,39,34,78,rectangle
result/random_shapes_293.png,11,54,52,70,triangle
result/random_shapes_294.png,20,14,92,66,triangle
result/random_shapes_294.png,8,16,37,39,rectangle
result/random_shapes_294.png,17,41,27,89,triangle
result/random_shapes_295.png,35,85,46,96,circle
result/random_shapes_295.png,29,58,63,92,circle
result/random_shapes_295.png,32,23,97,59,triangle
result/random_shapes_296.png,31,46,58,93,triangle
result/random_shapes_296.png,17,11,67,61,circle
result/random_shapes_297.png,2,81,34,95,triangle
result/random_shapes_297.png,23,61,46,84,circle
result/random_shapes_297.png,11,41,96,74,triangle
result/random_shapes_298.png,10,2,74,79,triangle
result/random_shapes_298.png,38,62,70,94,circle
result/random_shapes_298.png,2,48,28,74,rectangle
result/random_shapes_299.png,62,48,96,80,rectangle
result/random_shapes_299.png,11,13,70,97,triangle
result/random_shapes_300.png,54,22,78,98,triangle
result/random_shapes_300.png,15,40,62,90,triangle
result/random_shapes_300.png,4,25,49,84,triangle
result/random_shapes_301.png,0,16,49,65,circle
result/random_shapes_301.png,40,56,86,66,rectangle
result/random_shapes_301.png,26,25,31,91,triangle
result/random_shapes_302.png,52,15,66,63,rectangle
result/random_shapes_302.png,70,17,94,60,triangle
result/random_shapes_302.png,12,34,62,84,circle
result/random_shapes_303.png,26,40,45,59,circle
result/random_shapes_303.png,23,51,52,93,rectangle
result/random_shapes_303.png,22,3,61,47,triangle
result/random_shapes_304.png,17,33,70,77,triangle
result/random_shapes_304.png,42,19,80,31,rectangle
result/random_shapes_305.png,5,39,30,64,circle
result/random_shapes_306.png,62,53,99,90,circle
result/random_shapes_306.png,29,9,69,49,circle
result/random_shapes_307.png,35,55,79,91,rectangle
result/random_shapes_307.png,8,18,50,60,circle
result/random_shapes_308.png,28,57,77,86,rectangle
result/random_shapes_308.png,60,1,96,82,triangle
result/random_shapes_309.png,48,70,80,97,rectangle
result/random_shapes_309.png,75,63,96,84,circle
result/random_shapes_309.png,37,34,51,48,circle
result/random_shapes_310.png,9,46,52,89,circle
result/random_shapes_311.png,57,0,99,16,rectangle
result/random_shapes_312.png,2,18,45,43,rectangle
result/random_shapes_312.png,76,52,100,86,rectangle
result/random_shapes_312.png,19,60,40,81,circle
result/random_shapes_313.png,7,25,53,73,rectangle
result/random_shapes_313.png,82,55,97,70,circle
result/random_shapes_313.png,46,28,96,78,circle
result/random_shapes_314.png,5,37,55,62,triangle
result/random_shapes_315.png,5,47,30,86,rectangle
result/random_shapes_315.png,23,21,67,66,triangle
result/random_shapes_315.png,30,11,64,45,circle
result/random_shapes_316.png,25,50,59,84,circle
result/random_shapes_316.png,4,62,26,91,rectangle
result/random_shapes_316.png,45,36,75,66,circle
result/random_shapes_317.png,5,20,58,97,triangle
result/random_shapes_318.png,30,46,59,68,rectangle
result/random_shapes_318.png,29,73,65,88,rectangle
result/random_shapes_319.png,13,4,35,36,rectangle
result/random_shapes_320.png,18,40,33,55,circle
result/random_shapes_320.png,26,18,34,59,triangle
result/random_shapes_320.png,40,34,86,80,circle
result/random_shapes_321.png,27,57,76,88,rectangle
result/random_shapes_321.png,1,63,49,84,rectangle
result/random_shapes_321.png,42,18,83,59,circle
result/random_shapes_322.png,1,21,49,48,rectangle
result/random_shapes_322.png,66,26,97,57,circle
result/random_shapes_323.png,37,2,87,52,circle
result/random_shapes_323.png,50,19,100,67,rectangle
result/random_shapes_323.png,19,8,53,44,triangle
result/random_shapes_324.png,0,18,93,59,triangle
result/random_shapes_325.png,56,1,94,88,triangle
result/random_shapes_326.png,44,25,82,48,rectangle
result/random_shapes_327.png,19,60,57,81,triangle
result/random_shapes_327.png,2,57,87,74,triangle
result/random_shapes_327.png,35,4,82,72,triangle
result/random_shapes_328.png,2,14,29,41,circle
result/random_shapes_328.png,25,68,71,95,rectangle
result/random_shapes_329.png,3,45,16,58,circle
result/random_shapes_329.png,1,50,46,95,rectangle
result/random_shapes_330.png,7,36,100,87,triangle
result/random_shapes_331.png,9,43,46,85,rectangle
result/random_shapes_332.png,19,14,66,33,rectangle
result/random_shapes_332.png,3,64,52,76,rectangle
result/random_shapes_332.png,55,53,70,78,rectangle
result/random_shapes_333.png,55,59,85,89,circle
result/random_shapes_333.png,1,34,41,74,circle
result/random_shapes_333.png,41,57,68,84,circle
result/random_shapes_334.png,35,21,75,61,triangle
result/random_shapes_334.png,34,42,71,91,triangle
result/random_shapes_335.png,3,31,86,69,triangle
result/random_shapes_335.png,22,4,83,87,triangle
result/random_shapes_336.png,27,51,40,64,circle
result/random_shapes_336.png,34,13,47,49,rectangle
result/random_shapes_337.png,15,6,42,47,rectangle
result/random_shapes_338.png,0,30,85,89,triangle
result/random_shapes_339.png,9,20,100,87,triangle
result/random_shapes_339.png,21,6,60,45,circle
result/random_shapes_339.png,57,13,86,86,triangle
result/random_shapes_340.png,41,45,77,81,circle
result/random_shapes_340.png,6,3,20,54,triangle
result/random_shapes_340.png,55,44,81,70,circle
result/random_shapes_341.png,48,0,77,17,rectangle
result/random_shapes_342.png,61,33,79,51,circle
result/random_shapes_342.png,12,28,79,89,triangle
result/random_shapes_343.png,29,64,73,83,rectangle
result/random_shapes_343.png,44,16,57,29,circle
result/random_shapes_344.png,40,18,60,56,rectangle
result/random_shapes_344.png,17,60,47,90,circle
result/random_shapes_344.png,13,26,51,64,circle
result/random_shapes_345.png,15,45,47,77,circle
result/random_shapes_346.png,8,23,47,78,triangle
result/random_shapes_346.png,15,53,36,72,rectangle
result/random_shapes_346.png,3,70,35,86,rectangle
result/random_shapes_347.png,24,29,49,54,circle
result/random_shapes_348.png,27,44,92,84,triangle
result/random_shapes_348.png,19,43,66,90,circle
result/random_shapes_348.png,28,4,67,35,triangle
result/random_shapes_349.png,39,34,87,84,rectangle
result/random_shapes_349.png,56,6,86,36,circle
result/random_shapes_350.png,35,13,77,48,triangle
result/random_shapes_351.png,14,26,71,78,triangle
result/random_shapes_351.png,36,11,53,28,circle
result/random_shapes_352.png,5,6,97,76,triangle
result/random_shapes_352.png,48,25,93,59,triangle
result/random_shapes_353.png,35,8,82,26,rectangle
result/random_shapes_354.png,30,52,63,85,circle
result/random_shapes_354.png,18,48,39,69,circle
result/random_shapes_354.png,74,49,94,67,rectangle
result/random_shapes_355.png,16,2,82,97,triangle
result/random_shapes_356.png,23,34,40,80,rectangle
result/random_shapes_356.png,9,72,58,96,rectangle
result/random_shapes_357.png,31,19,56,44,circle
result/random_shapes_358.png,0,24,18,35,rectangle
result/random_shapes_359.png,78,57,88,80,rectangle
result/random_shapes_359.png,72,56,93,92,rectangle
result/random_shapes_360.png,20,33,66,79,circle
result/random_shapes_361.png,61,37,89,84,rectangle
result/random_shapes_361.png,34,51,82,95,rectangle
result/random_shapes_362.png,17,27,43,53,circle
result/random_shapes_362.png,0,47,17,62,rectangle
result/random_shapes_362.png,3,35,41,73,circle
result/random_shapes_363.png,59,27,76,41,rectangle
result/random_shapes_363.png,48,44,84,80,circle
result/random_shapes_363.png,1,30,26,55,circle
result/random_shapes_364.png,43,31,89,72,rectangle
result/random_shapes_364.png,53,53,80,80,circle
result/random_shapes_364.png,54,42,79,64,rectangle
result/random_shapes_365.png,4,23,51,70,circle
result/random_shapes_366.png,37,10,54,27,circle
result/random_shapes_366.png,68,7,91,34,rectangle
result/random_shapes_367.png,18,8,63,53,circle
result/random_shapes_368.png,22,15,60,32,rectangle
result/random_shapes_368.png,56,20,81,51,rectangle
result/random_shapes_368.png,8,52,39,73,rectangle
result/random_shapes_369.png,58,72,80,94,triangle
result/random_shapes_369.png,29,5,91,95,triangle
result/random_shapes_369.png,45,31,84,80,rectangle
result/random_shapes_370.png,49,77,95,90,triangle
result/random_shapes_371.png,34,0,94,36,triangle
result/random_shapes_372.png,29,60,76,82,rectangle
result/random_shapes_372.png,2,47,14,91,rectangle
result/random_shapes_373.png,22,7,89,99,triangle
result/random_shapes_373.png,29,56,53,69,rectangle
result/random_shapes_374.png,15,17,52,54,circle
result/random_shapes_374.png,52,0,85,49,triangle
result/random_shapes_374.png,5,15,65,62,triangle
result/random_shapes_375.png,80,9,95,38,rectangle
result/random_shapes_376.png,48,42,69,63,circle
result/random_shapes_376.png,25,13,45,32,rectangle
result/random_shapes_376.png,2,21,98,80,triangle
result/random_shapes_377.png,47,18,74,45,circle
result/random_shapes_378.png,22,35,48,51,rectangle
result/random_shapes_378.png,59,44,79,64,circle
result/random_shapes_379.png,59,6,75,22,circle
result/random_shapes_379.png,46,78,81,94,rectangle
result/random_shapes_380.png,22,73,32,83,circle
result/random_shapes_381.png,56,35,69,48,circle
result/random_shapes_381.png,33,7,56,55,rectangle
result/random_shapes_381.png,59,6,82,28,rectangle
result/random_shapes_382.png,63,22,87,56,rectangle
result/random_shapes_382.png,61,4,75,51,rectangle
result/random_shapes_382.png,22,42,65,89,rectangle
result/random_shapes_383.png,28,59,64,95,circle
result/random_shapes_383.png,9,53,49,80,triangle
result/random_shapes_384.png,17,5,73,91,triangle
result/random_shapes_384.png,5,41,87,76,triangle
result/random_shapes_385.png,31,61,52,85,rectangle
result/random_shapes_385.png,7,42,64,71,triangle
result/random_shapes_386.png,13,15,79,85,triangle
result/random_shapes_386.png,50,19,83,52,circle
result/random_shapes_387.png,46,78,84,94,rectangle
result/random_shapes_387.png,5,15,98,50,triangle
result/random_shapes_388.png,12,45,47,64,rectangle
result/random_shapes_388.png,47,78,75,99,rectangle
result/random_shapes_388.png,41,14,99,76,triangle
result/random_shapes_389.png,4,55,41,92,circle
result/random_shapes_390.png,1,13,83,87,triangle
result/random_shapes_391.png,34,26,55,47,circle
result/random_shapes_391.png,26,15,88,98,triangle
result/random_shapes_392.png,11,30,94,62,triangle
result/random_shapes_392.png,21,32,77,93,triangle
result/random_shapes_393.png,24,0,57,96,triangle
result/random_shapes_393.png,57,29,91,57,rectangle
result/random_shapes_394.png,40,57,64,81,circle
result/random_shapes_395.png,24,48,65,83,rectangle
result/random_shapes_395.png,5,28,25,48,circle
result/random_shapes_396.png,27,12,91,81,triangle
result/random_shapes_396.png,16,19,31,62,rectangle
result/random_shapes_396.png,19,9,82,92,triangle
result/random_shapes_397.png,50,63,100,99,rectangle
result/random_shapes_397.png,38,11,66,72,triangle
result/random_shapes_398.png,16,39,46,92,triangle
result/random_shapes_398.png,17,1,28,34,rectangle
result/random_shapes_398.png,49,9,68,28,circle
result/random_shapes_399.png,17,46,56,85,circle
result/random_shapes_399.png,7,24,56,73,circle
result/random_shapes_399.png,30,41,69,80,circle
result/random_shapes_400.png,63,50,99,86,circle
result/random_shapes_400.png,6,38,24,54,rectangle
result/random_shapes_400.png,29,55,42,77,rectangle
result/random_shapes_401.png,29,9,64,57,rectangle
result/random_shapes_401.png,8,0,47,39,circle
result/random_shapes_401.png,0,16,80,81,triangle
result/random_shapes_402.png,54,66,80,92,circle
result/random_shapes_403.png,60,22,95,57,circle
result/random_shapes_404.png,48,21,91,41,rectangle
result/random_shapes_404.png,44,10,69,35,circle
result/random_shapes_404.png,44,8,93,57,circle
result/random_shapes_405.png,10,1,88,72,triangle
result/random_shapes_405.png,15,16,94,80,triangle
result/random_shapes_405.png,46,30,57,41,circle
result/random_shapes_406.png,61,54,97,77,triangle
result/random_shapes_407.png,64,60,83,74,rectangle
result/random_shapes_407.png,36,43,82,87,rectangle
result/random_shapes_408.png,45,16,89,65,rectangle
result/random_shapes_409.png,0,61,39,100,circle
result/random_shapes_409.png,2,8,40,46,circle
result/random_shapes_410.png,3,47,69,94,triangle
result/random_shapes_411.png,0,16,56,33,triangle
result/random_shapes_412.png,13,52,83,72,triangle
result/random_shapes_413.png,82,20,100,37,rectangle
result/random_shapes_414.png,8,69,72,88,triangle
result/random_shapes_415.png,50,24,99,88,triangle
result/random_shapes_416.png,44,61,75,92,circle
result/random_shapes_417.png,29,52,57,80,circle
result/random_shapes_417.png,26,5,64,43,circle
result/random_shapes_417.png,28,29,38,49,rectangle
result/random_shapes_418.png,29,7,45,23,circle
result/random_shapes_418.png,55,15,100,60,circle
result/random_shapes_418.png,2,57,48,89,triangle
result/random_shapes_419.png,0,2,32,42,rectangle
result/random_shapes_419.png,50,61,90,87,rectangle
result/random_shapes_420.png,20,52,66,98,circle
result/random_shapes_421.png,37,17,87,67,circle
result/random_shapes_421.png,4,3,40,18,rectangle
result/random_shapes_421.png,76,0,100,31,rectangle
result/random_shapes_422.png,70,0,86,32,rectangle
result/random_shapes_423.png,15,49,60,59,rectangle
result/random_shapes_423.png,5,6,71,21,triangle
result/random_shapes_423.png,36,35,60,65,rectangle
result/random_shapes_424.png,29,24,71,63,rectangle
result/random_shapes_424.png,19,56,61,85,triangle
result/random_shapes_425.png,27,60,51,84,circle
result/random_shapes_426.png,77,32,98,67,rectangle
result/random_shapes_427.png,4,60,36,92,circle
result/random_shapes_427.png,83,0,99,29,rectangle
result/random_shapes_428.png,43,73,82,92,rectangle
result/random_shapes_428.png,16,0,77,79,triangle
result/random_shapes_429.png,16,10,43,37,circle
result/random_shapes_429.png,37,7,50,51,rectangle
result/random_shapes_429.png,25,49,75,99,circle
result/random_shapes_430.png,16,77,34,95,circle
result/random_shapes_430.png,33,10,96,74,triangle
result/random_shapes_431.png,23,18,37,56,rectangle
result/random_shapes_431.png,34,34,79,79,circle
result/random_shapes_432.png,12,55,39,82,circle
result/random_shapes_432.png,43,2,95,76,triangle
result/random_shapes_433.png,39,34,84,52,rectangle
result/random_shapes_434.png,49,0,85,36,circle
result/random_shapes_435.png,20,67,68,95,rectangle
result/random_shapes_435.png,25,27,74,100,triangle
result/random_shapes_436.png,37,2,92,75,triangle
result/random_shapes_437.png,49,15,85,35,rectangle
result/random_shapes_437.png,4,13,38,47,circle
result/random_shapes_437.png,48,26,74,52,circle
result/random_shapes_438.png,5,7,80,94,triangle
result/random_shapes_438.png,15,78,35,98,circle
result/random_shapes_438.png,2,68,19,85,circle
result/random_shapes_439.png,1,9,81,72,triangle
result/random_shapes_439.png,1,13,93,90,triangle
result/random_shapes_439.png,35,2,46,14,rectangle
result/random_shapes_440.png,52,47,85,92,rectangle
result/random_shapes_441.png,43,70,89,100,triangle
result/random_shapes_441.png,28,44,72,88,circle
result/random_shapes_442.png,29,13,71,55,circle
result/random_shapes_442.png,59,58,82,87,rectangle
result/random_shapes_442.png,6,37,31,79,rectangle
result/random_shapes_443.png,12,57,44,89,circle
result/random_shapes_443.png,23,44,69,64,rectangle
result/random_shapes_444.png,9,11,91,76,triangle
result/random_shapes_444.png,24,64,67,91,rectangle
result/random_shapes_445.png,7,34,33,60,circle
result/random_shapes_445.png,14,18,61,84,triangle
result/random_shapes_446.png,22,61,51,90,circle
result/random_shapes_447.png,59,54,98,93,circle
result/random_shapes_448.png,7,29,53,47,triangle
result/random_shapes_449.png,24,57,43,76,circle
result/random_shapes_450.png,23,37,52,82,triangle
result/random_shapes_450.png,22,21,52,51,circle
result/random_shapes_451.png,29,27,58,56,circle
result/random_shapes_451.png,0,11,30,61,rectangle
result/random_shapes_451.png,5,36,41,73,rectangle
result/random_shapes_452.png,21,36,58,82,triangle
result/random_shapes_452.png,28,52,67,64,rectangle
result/random_shapes_453.png,16,14,29,37,rectangle
result/random_shapes_454.png,57,62,86,91,circle
result/random_shapes_454.png,9,11,85,85,triangle
result/random_shapes_454.png,28,35,70,70,rectangle
result/random_shapes_455.png,27,17,64,35,rectangle
result/random_shapes_455.png,79,21,98,40,circle
result/random_shapes_456.png,16,45,51,97,triangle
result/random_shapes_457.png,21,49,50,87,rectangle
result/random_shapes_457.png,41,33,79,71,circle
result/random_shapes_458.png,23,19,57,38,rectangle
result/random_shapes_458.png,16,56,50,100,rectangle
result/random_shapes_459.png,49,32,98,81,circle
result/random_shapes_460.png,9,41,28,63,rectangle
result/random_shapes_460.png,8,34,36,62,circle
result/random_shapes_461.png,34,32,63,54,rectangle
result/random_shapes_462.png,0,56,34,90,circle
result/random_shapes_462.png,25,30,62,44,rectangle
result/random_shapes_462.png,73,19,99,45,circle
result/random_shapes_463.png,12,46,53,80,rectangle
result/random_shapes_463.png,70,8,88,26,circle
result/random_shapes_463.png,60,1,75,12,rectangle
result/random_shapes_464.png,2,0,92,68,triangle
result/random_shapes_464.png,48,8,98,23,rectangle
result/random_shapes_464.png,45,22,66,69,rectangle
result/random_shapes_465.png,1,40,34,54,rectangle
result/random_shapes_465.png,63,65,72,95,triangle
result/random_shapes_465.png,10,74,87,85,triangle
result/random_shapes_466.png,61,49,91,83,rectangle
result/random_shapes_466.png,77,42,94,59,circle
result/random_shapes_466.png,12,37,86,99,triangle
result/random_shapes_467.png,8,5,55,98,triangle
result/random_shapes_467.png,33,34,77,70,triangle
result/random_shapes_468.png,48,14,72,38,circle
result/random_shapes_469.png,0,40,50,86,rectangle
result/random_shapes_469.png,77,35,95,81,rectangle
result/random_shapes_469.png,26,0,69,45,rectangle
result/random_shapes_470.png,14,39,47,72,circle
result/random_shapes_470.png,32,33,68,51,triangle
result/random_shapes_471.png,45,43,65,63,circle
result/random_shapes_471.png,38,2,65,26,rectangle
result/random_shapes_472.png,4,15,94,93,triangle
result/random_shapes_473.png,2,26,70,97,triangle
result/random_shapes_473.png,34,60,58,91,rectangle
result/random_shapes_473.png,56,0,67,41,rectangle
result/random_shapes_474.png,62,47,83,68,circle
result/random_shapes_475.png,81,41,98,64,rectangle
result/random_shapes_475.png,30,8,65,22,rectangle
result/random_shapes_475.png,65,64,75,74,circle
result/random_shapes_476.png,57,0,87,80,triangle
result/random_shapes_476.png,33,46,93,73,triangle
result/random_shapes_476.png,20,2,100,55,triangle
result/random_shapes_477.png,3,18,69,67,triangle
result/random_shapes_477.png,37,17,51,31,circle
result/random_shapes_478.png,23,40,65,82,circle
result/random_shapes_479.png,39,48,63,93,rectangle
result/random_shapes_480.png,7,64,87,90,triangle
result/random_shapes_480.png,26,37,52,69,rectangle
result/random_shapes_480.png,41,37,67,73,rectangle
result/random_shapes_481.png,61,26,82,59,rectangle
result/random_shapes_481.png,16,23,72,39,triangle
result/random_shapes_482.png,34,48,80,94,circle
result/random_shapes_482.png,20,36,49,90,triangle
result/random_shapes_483.png,55,45,100,90,circle
result/random_shapes_483.png,58,40,90,72,circle
result/random_shapes_483.png,2,6,48,52,circle
result/random_shapes_484.png,18,30,85,58,triangle
result/random_shapes_484.png,7,3,87,91,triangle
result/random_shapes_485.png,44,12,77,45,circle
result/random_shapes_485.png,33,47,84,67,triangle
result/random_shapes_486.png,48,50,85,87,circle
result/random_shapes_487.png,22,17,43,38,circle
result/random_shapes_487.png,25,66,76,78,triangle
result/random_shapes_488.png,34,29,74,51,rectangle
result/random_shapes_488.png,64,75,83,94,circle
result/random_shapes_488.png,18,30,67,79,circle
result/random_shapes_489.png,41,18,56,57,rectangle
result/random_shapes_489.png,16,59,38,70,rectangle
result/random_shapes_489.png,90,24,100,41,rectangle
result/random_shapes_490.png,29,74,64,88,rectangle
result/random_shapes_491.png,16,60,45,99,rectangle
result/random_shapes_491.png,80,18,100,34,rectangle
result/random_shapes_492.png,47,46,90,89,circle
result/random_shapes_492.png,4,25,67,77,triangle
result/random_shapes_492.png,37,29,57,59,rectangle
result/random_shapes_493.png,25,15,97,29,triangle
result/random_shapes_493.png,55,56,68,80,triangle
result/random_shapes_493.png,49,60,77,92,rectangle
result/random_shapes_494.png,26,46,40,77,rectangle
result/random_shapes_494.png,54,60,81,87,circle
result/random_shapes_495.png,21,19,92,91,triangle
result/random_shapes_495.png,13,18,52,57,circle
result/random_shapes_495.png,29,54,77,89,rectangle
result/random_shapes_496.png,7,32,56,51,triangle
result/random_shapes_496.png,20,19,50,96,triangle
result/random_shapes_496.png,60,20,82,62,triangle
result/random_shapes_497.png,19,31,33,71,rectangle
result/random_shapes_498.png,1,47,45,90,rectangle
result/random_shapes_498.png,34,12,65,43,circle
result/random_shapes_498.png,50,74,69,93,circle
result/random_shapes_499.png,1,0,92,76,triangle
result/random_shapes_499.png,39,16,88,81,triangle
result/random_shapes_499.png,4,13,52,61,circle
result/random_shapes_500.png,56,0,85,42,rectangle
result/random_shapes_501.png,12,36,34,46,rectangle
result/random_shapes_501.png,0,6,70,73,triangle
result/random_shapes_502.png,13,59,38,98,rectangle
result/random_shapes_502.png,7,32,69,100,triangle
result/random_shapes_503.png,2,1,49,12,rectangle
result/random_shapes_504.png,9,13,97,86,triangle
result/random_shapes_505.png,2,26,42,49,triangle
result/random_shapes_505.png,47,5,75,78,triangle
result/random_shapes_506.png,15,30,48,63,circle
result/random_shapes_506.png,21,76,32,87,circle
result/random_shapes_507.png,21,49,62,96,triangle
result/random_shapes_507.png,10,53,100,70,triangle
result/random_shapes_508.png,6,46,43,71,rectangle
result/random_shapes_508.png,3,7,70,98,triangle
result/random_shapes_509.png,46,77,62,88,rectangle
result/random_shapes_509.png,22,13,60,43,triangle
result/random_shapes_510.png,31,3,95,97,triangle
result/random_shapes_510.png,53,17,100,49,rectangle
result/random_shapes_510.png,51,14,87,41,rectangle
result/random_shapes_511.png,22,23,46,95,triangle
result/random_shapes_511.png,5,40,62,90,triangle
result/random_shapes_512.png,65,6,93,74,triangle
result/random_shapes_512.png,19,22,50,60,triangle
result/random_shapes_512.png,47,71,64,88,circle
result/random_shapes_513.png,48,24,64,40,circle
result/random_shapes_514.png,3,10,38,98,triangle
result/random_shapes_515.png,10,33,28,43,rectangle
result/random_shapes_515.png,52,39,71,76,rectangle
result/random_shapes_515.png,0,39,83,76,triangle
result/random_shapes_516.png,8,19,21,56,triangle
result/random_shapes_517.png,52,17,77,72,triangle
result/random_shapes_517.png,87,31,99,43,circle
result/random_shapes_517.png,32,53,70,97,rectangle
result/random_shapes_518.png,7,24,27,91,triangle
result/random_shapes_518.png,30,64,48,93,triangle
result/random_shapes_518.png,36,73,78,83,rectangle
result/random_shapes_519.png,36,19,59,42,circle
result/random_shapes_519.png,37,12,98,57,triangle
result/random_shapes_519.png,16,30,30,97,triangle
result/random_shapes_520.png,2,13,43,96,triangle
result/random_shapes_520.png,3,7,30,49,rectangle
result/random_shapes_521.png,58,31,91,64,circle
result/random_shapes_522.png,13,70,46,94,rectangle
result/random_shapes_523.png,58,26,79,47,circle
result/random_shapes_523.png,49,53,77,91,rectangle
result/random_shapes_524.png,38,5,58,18,rectangle
result/random_shapes_524.png,3,26,60,89,triangle
result/random_shapes_524.png,7,45,23,61,circle
result/random_shapes_525.png,61,28,79,71,rectangle
result/random_shapes_526.png,59,21,88,50,circle
result/random_shapes_526.png,24,1,58,35,circle
result/random_shapes_527.png,32,63,76,84,rectangle
result/random_shapes_528.png,62,54,91,87,triangle
result/random_shapes_528.png,3,36,43,76,circle
result/random_shapes_529.png,48,44,92,88,circle
result/random_shapes_529.png,10,10,24,41,rectangle
result/random_shapes_530.png,45,52,89,96,circle
result/random_shapes_531.png,45,4,90,49,circle
result/random_shapes_531.png,9,2,52,46,rectangle
result/random_shapes_532.png,43,8,70,64,triangle
result/random_shapes_532.png,41,31,88,78,circle
result/random_shapes_533.png,65,12,79,26,circle
result/random_shapes_534.png,14,16,93,98,triangle
result/random_shapes_535.png,17,9,69,43,triangle
result/random_shapes_535.png,43,52,78,99,rectangle
result/random_shapes_535.png,38,5,75,42,circle
result/random_shapes_536.png,58,89,98,100,rectangle
result/random_shapes_536.png,41,55,80,95,rectangle
result/random_shapes_537.png,30,0,99,65,triangle
result/random_shapes_538.png,14,14,55,76,triangle
result/random_shapes_539.png,9,22,100,60,triangle
result/random_shapes_540.png,45,8,86,49,circle
result/random_shapes_540.png,2,52,16,66,circle
result/random_shapes_541.png,48,74,95,94,rectangle
result/random_shapes_541.png,49,55,59,77,rectangle
result/random_shapes_541.png,55,15,97,43,rectangle
result/random_shapes_542.png,57,49,89,84,triangle
result/random_shapes_542.png,13,32,73,61,triangle
result/random_shapes_542.png,20,10,70,47,rectangle
result/random_shapes_543.png,11,32,52,73,circle
result/random_shapes_543.png,21,44,70,93,circle
result/random_shapes_544.png,33,32,57,62,rectangle
result/random_shapes_544.png,7,60,21,74,circle
result/random_shapes_545.png,14,40,54,80,circle
result/random_shapes_545.png,71,44,87,60,circle
result/random_shapes_546.png,64,32,100,81,rectangle
result/random_shapes_546.png,29,59,62,92,circle
result/random_shapes_547.png,66,16,86,44,triangle
result/random_shapes_547.png,13,82,28,97,circle
result/random_shapes_548.png,55,27,81,88,triangle
result/random_shapes_548.png,46,30,95,79,circle
result/random_shapes_549.png,6,27,23,54,rectangle
result/random_shapes_549.png,18,12,59,53,circle
result/random_shapes_549.png,36,2,62,84,triangle
result/random_shapes_550.png,37,58,79,91,rectangle
result/random_shapes_550.png,10,0,78,59,triangle
result/random_shapes_550.png,64,62,89,87,circle
result/random_shapes_551.png,15,57,38,80,circle
result/random_shapes_551.png,41,59,66,72,rectangle
result/random_shapes_551.png,1,2,72,68,triangle
result/random_shapes_552.png,41,27,90,67,rectangle
result/random_shapes_553.png,28,3,89,52,triangle
result/random_shapes_554.png,46,8,89,47,triangle
result/random_shapes_554.png,75,74,89,88,rectangle
result/random_shapes_554.png,51,32,75,56,circle
result/random_shapes_555.png,11,41,77,78,triangle
result/random_shapes_555.png,73,5,98,49,rectangle
result/random_shapes_556.png,7,13,75,70,triangle
result/random_shapes_556.png,54,9,75,29,rectangle
result/random_shapes_557.png,22,42,33,88,rectangle
result/random_shapes_557.png,1,32,44,71,rectangle
result/random_shapes_558.png,40,71,69,88,rectangle
result/random_shapes_558.png,67,45,80,58,circle
result/random_shapes_559.png,77,5,100,55,rectangle
result/random_shapes_559.png,48,13,64,31,rectangle
result/random_shapes_560.png,54,33,88,79,rectangle
result/random_shapes_561.png,16,17,99,57,triangle
result/random_shapes_561.png,26,50,68,66,rectangle
result/random_shapes_562.png,56,76,67,87,circle
result/random_shapes_562.png,23,21,53,51,circle
result/random_shapes_563.png,38,71,53,86,circle
result/random_shapes_563.png,52,18,97,83,triangle
result/random_shapes_564.png,45,65,75,95,circle
result/random_shapes_564.png,13,2,88,48,triangle
result/random_shapes_565.png,59,35,74,50,circle
result/random_shapes_566.png,60,15,92,93,triangle
result/random_shapes_566.png,68,17,93,62,rectangle
result/random_shapes_567.png,8,0,33,46,rectangle
result/random_shapes_567.png,36,21,56,40,rectangle
result/random_shapes_568.png,7,61,39,93,circle
result/random_shapes_568.png,36,29,75,84,triangle
result/random_shapes_568.png,6,72,53,98,triangle
result/random_shapes_569.png,83,23,93,33,circle
result/random_shapes_570.png,42,41,87,91,rectangle
result/random_shapes_570.png,42,60,75,81,rectangle
result/random_shapes_571.png,32,37,58,63,circle
result/random_shapes_571.png,20,4,61,45,circle
result/random_shapes_572.png,5,48,55,98,circle
result/random_shapes_572.png,34,31,68,78,rectangle
result/random_shapes_572.png,31,2,67,26,rectangle
result/random_shapes_573.png,12,41,31,76,rectangle
result/random_shapes_573.png,2,15,19,57,rectangle
result/random_shapes_574.png,62,30,83,41,rectangle
result/random_shapes_575.png,25,37,44,56,rectangle
result/random_shapes_575.png,67,48,87,78,triangle
result/random_shapes_576.png,28,47,65,83,rectangle
result/random_shapes_577.png,47,23,85,88,triangle
result/random_shapes_578.png,45,11,56,22,circle
result/random_shapes_578.png,23,64,49,90,circle
result/random_shapes_579.png,25,62,61,95,rectangle
result/random_shapes_579.png,44,45,75,58,rectangle
result/random_shapes_580.png,54,4,76,40,triangle
result/random_shapes_581.png,25,1,96,84,triangle
result/random_shapes_581.png,40,37,51,62,rectangle
result/random_shapes_582.png,3,27,39,63,circle
result/random_shapes_583.png,79,8,98,27,circle
result/random_shapes_583.png,29,24,83,34,triangle
result/random_shapes_584.png,47,13,96,62,circle
result/random_shapes_584.png,9,68,95,93,triangle
result/random_shapes_584.png,37,31,60,76,rectangle
result/random_shapes_585.png,22,64,97,100,triangle
result/random_shapes_585.png,73,21,83,31,circle
result/random_shapes_585.png,60,35,91,58,rectangle
result/random_shapes_586.png,10,43,56,89,circle
result/random_shapes_586.png,0,37,11,48,circle
result/random_shapes_587.png,17,36,45,64,circle
result/random_shapes_587.png,50,29,70,49,circle
result/random_shapes_588.png,62,24,78,65,rectangle
result/random_shapes_588.png,49,8,93,34,rectangle
result/random_shapes_589.png,12,0,87,36,triangle
result/random_shapes_589.png,7,14,54,61,circle
result/random_shapes_590.png,25,71,52,84,rectangle
result/random_shapes_591.png,7,20,91,91,triangle
result/random_shapes_591.png,50,17,73,40,circle
result/random_shapes_592.png,6,56,98,77,triangle
result/random_shapes_593.png,19,20,63,66,triangle
result/random_shapes_593.png,6,28,30,56,rectangle
result/random_shapes_594.png,33,23,59,46,rectangle
result/random_shapes_594.png,72,32,97,62,rectangle
result/random_shapes_594.png,47,17,86,66,rectangle
result/random_shapes_595.png,21,62,44,85,circle
result/random_shapes_595.png,46,4,86,44,circle
result/random_shapes_595.png,56,25,89,56,rectangle
result/random_shapes_596.png,4,26,51,80,triangle
result/random_shapes_596.png,13,29,56,51,triangle
result/random_shapes_596.png,6,33,77,94,triangle
result/random_shapes_597.png,41,5,70,36,rectangle
result/random_shapes_597.png,57,7,96,40,rectangle
result/random_shapes_597.png,84,8,91,70,triangle
result/random_shapes_598.png,41,3,87,48,rectangle
result/random_shapes_598.png,22,15,91,68,triangle
result/random_shapes_599.png,77,10,98,78,triangle
result/random_shapes_599.png,27,69,61,86,rectangle
result/random_shapes_599.png,39,23,44,36,triangle
result/random_shapes_600.png,40,4,55,19,circle
result/random_shapes_600.png,30,2,95,71,triangle
result/random_shapes_600.png,15,4,45,48,rectangle
result/random_shapes_601.png,1,44,46,54,triangle
result/random_shapes_602.png,43,4,86,47,rectangle
result/random_shapes_602.png,48,53,63,68,circle
result/random_shapes_602.png,8,44,28,67,rectangle
result/random_shapes_603.png,11,3,64,98,triangle
result/random_shapes_604.png,30,20,72,62,circle
result/random_shapes_604.png,23,49,72,79,triangle
result/random_shapes_604.png,43,10,91,26,rectangle
result/random_shapes_605.png,51,40,71,60,circle
result/random_shapes_606.png,18,32,32,58,rectangle
result/random_shapes_606.png,86,36,97,54,rectangle
result/random_shapes_606.png,5,3,94,73,triangle
result/random_shapes_607.png,5,40,49,68,rectangle
result/random_shapes_607.png,36,14,61,90,triangle
result/random_shapes_607.png,16,22,59,66,rectangle
result/random_shapes_608.png,42,37,92,87,circle
result/random_shapes_609.png,37,56,61,80,circle
result/random_shapes_609.png,60,22,86,48,circle
result/random_shapes_609.png,69,6,86,22,triangle
result/random_shapes_610.png,31,26,66,74,rectangle
result/random_shapes_611.png,63,4,82,40,rectangle
result/random_shapes_611.png,3,22,24,52,triangle
result/random_shapes_611.png,15,22,59,32,rectangle
result/random_shapes_612.png,29,29,50,73,rectangle
result/random_shapes_612.png,12,32,53,73,circle
result/random_shapes_613.png,77,7,87,17,circle
result/random_shapes_614.png,44,21,84,61,circle
result/random_shapes_614.png,11,29,30,48,circle
result/random_shapes_614.png,46,30,87,63,triangle
result/random_shapes_615.png,4,34,23,58,rectangle
result/random_shapes_615.png,42,15,69,38,rectangle
result/random_shapes_616.png,20,36,33,49,circle
result/random_shapes_616.png,50,57,73,87,rectangle
result/random_shapes_617.png,34,51,78,73,rectangle
result/random_shapes_618.png,67,48,92,73,circle
result/random_shapes_618.png,11,20,52,69,rectangle
result/random_shapes_619.png,26,56,52,94,rectangle
result/random_shapes_620.png,19,39,55,75,circle
result/random_shapes_620.png,22,15,54,47,circle
result/random_shapes_621.png,3,18,51,66,circle
result/random_shapes_621.png,33,2,67,12,rectangle
result/random_shapes_621.png,47,14,90,57,circle
result/random_shapes_622.png,61,58,97,99,rectangle
result/random_shapes_622.png,34,37,69,72,circle
result/random_shapes_622.png,18,10,50,91,triangle
result/random_shapes_623.png,9,22,57,70,circle
result/random_shapes_624.png,45,10,75,80,triangle
result/random_shapes_624.png,11,34,35,58,circle
result/random_shapes_624.png,20,9,34,23,circle
result/random_shapes_625.png,20,30,97,91,triangle
result/random_shapes_625.png,13,13,91,84,triangle
result/random_shapes_626.png,8,9,33,53,rectangle
result/random_shapes_626.png,63,56,85,82,rectangle
result/random_shapes_626.png,8,59,32,83,circle
result/random_shapes_627.png,12,0,78,88,triangle
result/random_shapes_627.png,62,22,76,36,circle
result/random_shapes_627.png,40,31,55,46,circle
result/random_shapes_628.png,40,14,64,38,circle
result/random_shapes_628.png,38,52,83,97,circle
result/random_shapes_629.png,32,4,79,88,triangle
result/random_shapes_630.png,1,3,58,48,triangle
result/random_shapes_631.png,34,32,73,73,rectangle
result/random_shapes_632.png,28,71,55,97,triangle
result/random_shapes_632.png,26,60,58,78,triangle
result/random_shapes_632.png,22,41,91,77,triangle
result/random_shapes_633.png,3,43,22,83,rectangle
result/random_shapes_633.png,20,54,73,92,triangle
result/random_shapes_634.png,18,29,41,100,triangle
result/random_shapes_635.png,17,3,39,65,triangle
result/random_shapes_635.png,5,30,48,73,circle
result/random_shapes_636.png,48,82,84,95,triangle
result/random_shapes_637.png,27,11,43,35,rectangle
result/random_shapes_638.png,65,25,95,55,circle
result/random_shapes_639.png,49,33,68,52,circle
result/random_shapes_640.png,32,38,70,76,circle
result/random_shapes_640.png,53,4,95,76,triangle
result/random_shapes_641.png,54,56,74,76,circle
result/random_shapes_641.png,64,63,73,71,triangle
result/random_shapes_641.png,80,6,99,25,circle
result/random_shapes_642.png,23,16,71,81,triangle
result/random_shapes_642.png,16,46,66,73,triangle
result/random_shapes_642.png,16,42,87,64,triangle
result/random_shapes_643.png,39,21,95,21,triangle
result/random_shapes_643.png,45,41,69,79,rectangle
result/random_shapes_643.png,30,1,44,51,rectangle
result/random_shapes_644.png,22,16,76,76,triangle
result/random_shapes_644.png,72,49,90,67,circle
result/random_shapes_645.png,65,24,86,62,rectangle
result/random_shapes_645.png,5,48,39,94,triangle
result/random_shapes_646.png,77,52,97,72,circle
result/random_shapes_646.png,43,50,59,82,rectangle
result/random_shapes_646.png,43,22,87,66,circle
result/random_shapes_647.png,9,52,80,64,triangle
result/random_shapes_648.png,19,4,93,71,triangle
result/random_shapes_648.png,15,19,75,36,triangle
result/random_shapes_649.png,22,31,67,76,circle
result/random_shapes_649.png,62,52,81,100,triangle
result/random_shapes_649.png,18,43,49,70,rectangle
result/random_shapes_650.png,27,42,70,85,circle
result/random_shapes_650.png,52,31,85,64,circle
result/random_shapes_651.png,6,19,56,69,circle
result/random_shapes_651.png,67,40,86,87,rectangle
result/random_shapes_652.png,34,21,75,70,triangle
result/random_shapes_653.png,61,13,97,29,rectangle
result/random_shapes_653.png,51,9,78,36,circle
result/random_shapes_653.png,51,24,72,84,triangle
result/random_shapes_654.png,72,7,92,35,rectangle
result/random_shapes_654.png,32,13,76,62,rectangle
result/random_shapes_655.png,30,46,62,78,circle
result/random_shapes_656.png,23,63,83,99,triangle
result/random_shapes_657.png,50,30,100,80,circle
result/random_shapes_657.png,52,0,93,20,triangle
result/random_shapes_658.png,9,23,100,84,triangle
result/random_shapes_658.png,22,35,70,95,triangle
result/random_shapes_659.png,2,34,20,72,rectangle
result/random_shapes_659.png,32,22,64,55,triangle
result/random_shapes_659.png,70,17,92,64,rectangle
result/random_shapes_660.png,35,39,74,68,triangle
result/random_shapes_661.png,7,0,19,12,circle
result/random_shapes_661.png,14,53,64,94,rectangle
result/random_shapes_661.png,6,7,34,42,rectangle
result/random_shapes_662.png,10,0,27,50,rectangle
result/random_shapes_663.png,71,4,92,25,circle
result/random_shapes_664.png,24,10,81,74,triangle
result/random_shapes_664.png,8,27,39,58,circle
result/random_shapes_665.png,16,24,71,94,triangle
result/random_shapes_665.png,5,65,79,94,triangle
result/random_shapes_665.png,19,5,68,53,rectangle
result/random_shapes_666.png,8,50,96,86,triangle
result/random_shapes_666.png,78,23,87,46,triangle
result/random_shapes_667.png,2,3,25,77,triangle
result/random_shapes_668.png,41,19,79,57,rectangle
result/random_shapes_668.png,4,52,55,91,triangle
result/random_shapes_668.png,65,8,86,51,rectangle
result/random_shapes_669.png,11,21,77,88,triangle
result/random_shapes_670.png,9,54,35,74,rectangle
result/random_shapes_670.png,15,13,33,28,rectangle
result/random_shapes_670.png,29,25,72,68,circle
result/random_shapes_671.png,76,52,98,62,rectangle
result/random_shapes_672.png,18,24,90,54,triangle
result/random_shapes_672.png,39,8,62,57,rectangle
result/random_shapes_672.png,9,49,31,63,rectangle
result/random_shapes_673.png,41,40,59,58,circle
result/random_shapes_674.png,52,32,96,76,circle
result/random_shapes_674.png,23,22,72,71,circle
result/random_shapes_674.png,56,40,85,69,circle
result/random_shapes_675.png,15,42,35,76,triangle
result/random_shapes_676.png,26,30,83,55,triangle
result/random_shapes_676.png,8,6,90,66,triangle
result/random_shapes_677.png,48,21,76,49,circle
result/random_shapes_677.png,12,74,26,88,circle
result/random_shapes_677.png,1,61,17,94,rectangle
result/random_shapes_678.png,68,68,99,90,rectangle
result/random_shapes_678.png,71,43,97,86,triangle
result/random_shapes_678.png,2,46,48,97,triangle
result/random_shapes_679.png,36,14,82,82,triangle
result/random_shapes_679.png,14,4,52,23,triangle
result/random_shapes_679.png,4,53,38,70,triangle
result/random_shapes_680.png,54,40,83,69,circle
result/random_shapes_680.png,6,23,18,63,rectangle
result/random_shapes_680.png,1,58,15,96,triangle
result/random_shapes_681.png,37,23,58,48,rectangle
result/random_shapes_681.png,14,14,39,45,rectangle
result/random_shapes_682.png,62,56,72,86,rectangle
result/random_shapes_682.png,58,15,77,34,circle
result/random_shapes_682.png,26,11,46,31,circle
result/random_shapes_683.png,32,7,78,53,circle
result/random_shapes_683.png,10,32,37,59,circle
result/random_shapes_683.png,13,6,25,18,circle
result/random_shapes_684.png,7,63,31,87,circle
result/random_shapes_685.png,11,5,91,67,triangle
result/random_shapes_686.png,7,25,41,59,circle
result/random_shapes_687.png,81,27,85,76,triangle
result/random_shapes_688.png,64,9,96,41,circle
result/random_shapes_688.png,13,24,38,57,rectangle
result/random_shapes_689.png,2,27,22,47,circle
result/random_shapes_690.png,22,56,51,79,triangle
result/random_shapes_691.png,10,1,56,81,triangle
result/random_shapes_691.png,31,34,67,73,rectangle
result/random_shapes_691.png,37,36,96,58,triangle
result/random_shapes_692.png,41,18,71,63,triangle
result/random_shapes_692.png,24,58,53,87,circle
result/random_shapes_692.png,26,38,64,87,rectangle
result/random_shapes_693.png,65,16,90,41,circle
result/random_shapes_693.png,61,5,91,27,rectangle
result/random_shapes_693.png,56,33,96,73,circle
result/random_shapes_694.png,19,27,47,55,circle
result/random_shapes_694.png,36,0,78,13,rectangle
result/random_shapes_695.png,16,64,90,76,triangle
result/random_shapes_695.png,44,50,89,95,circle
result/random_shapes_696.png,9,49,24,95,rectangle
result/random_shapes_696.png,1,2,44,45,circle
result/random_shapes_697.png,20,36,70,86,circle
result/random_shapes_697.png,30,14,86,98,triangle
result/random_shapes_697.png,28,68,44,84,circle
result/random_shapes_698.png,78,57,89,77,rectangle
result/random_shapes_698.png,2,24,25,47,circle
result/random_shapes_699.png,27,48,44,65,circle
result/random_shapes_699.png,55,8,86,63,triangle
result/random_shapes_700.png,28,9,62,37,rectangle
result/random_shapes_700.png,46,4,84,43,rectangle
result/random_shapes_701.png,32,46,71,85,triangle
result/random_shapes_702.png,16,17,56,57,circle
result/random_shapes_702.png,65,77,93,89,rectangle
result/random_shapes_703.png,25,65,38,77,rectangle
result/random_shapes_704.png,0,51,85,98,triangle
result/random_shapes_705.png,5,32,44,86,triangle
result/random_shapes_705.png,27,68,75,94,rectangle
result/random_shapes_705.png,43,61,62,80,circle
result/random_shapes_706.png,39,4,80,45,circle
result/random_shapes_706.png,27,8,54,42,rectangle
result/random_shapes_706.png,4,51,39,72,rectangle
result/random_shapes_707.png,48,70,77,99,circle
result/random_shapes_708.png,0,1,11,12,circle
result/random_shapes_708.png,14,53,28,67,circle
result/random_shapes_708.png,7,34,90,55,triangle
result/random_shapes_709.png,52,42,67,57,circle
result/random_shapes_709.png,65,44,89,89,rectangle
result/random_shapes_709.png,13,19,25,31,circle
result/random_shapes_710.png,41,0,99,94,triangle
result/random_shapes_710.png,11,3,84,98,triangle
result/random_shapes_711.png,27,2,74,22,triangle
result/random_shapes_711.png,43,60,66,83,circle
result/random_shapes_712.png,6,7,20,99,triangle
result/random_shapes_712.png,57,28,93,77,rectangle
result/random_shapes_713.png,52,31,71,70,rectangle
result/random_shapes_713.png,30,55,51,99,rectangle
result/random_shapes_713.png,31,49,59,89,rectangle
result/random_shapes_714.png,2,27,33,61,rectangle
result/random_shapes_714.png,2,23,22,53,triangle
result/random_shapes_714.png,11,20,47,39,rectangle
result/random_shapes_715.png,34,43,79,79,triangle
result/random_shapes_715.png,40,49,84,67,triangle
result/random_shapes_715.png,9,78,41,91,rectangle
result/random_shapes_716.png,53,50,95,79,rectangle
result/random_shapes_716.png,45,24,77,100,triangle
result/random_shapes_716.png,13,35,28,50,rectangle
result/random_shapes_717.png,14,15,86,97,triangle
result/random_shapes_717.png,29,49,66,95,rectangle
result/random_shapes_717.png,26,40,78,72,triangle
result/random_shapes_718.png,47,35,85,75,rectangle
result/random_shapes_718.png,15,8,95,24,triangle
result/random_shapes_718.png,46,11,72,44,rectangle
result/random_shapes_719.png,9,6,73,78,triangle
result/random_shapes_720.png,5,33,52,80,circle
result/random_shapes_720.png,19,29,52,69,rectangle
result/random_shapes_720.png,9,66,25,82,circle
result/random_shapes_721.png,10,63,39,91,rectangle
result/random_shapes_721.png,19,38,66,80,triangle
result/random_shapes_722.png,26,11,93,50,triangle
result/random_shapes_723.png,10,3,59,16,rectangle
result/random_shapes_723.png,32,28,67,50,rectangle
result/random_shapes_723.png,31,1,55,51,rectangle
result/random_shapes_724.png,43,7,100,87,triangle
result/random_shapes_724.png,33,2,97,40,triangle
result/random_shapes_725.png,12,32,34,64,triangle
result/random_shapes_726.png,22,43,46,82,rectangle
result/random_shapes_726.png,72,61,97,87,triangle
result/random_shapes_727.png,47,33,76,62,circle
result/random_shapes_728.png,15,68,48,81,triangle
result/random_shapes_729.png,31,35,69,73,circle
result/random_shapes_729.png,10,16,59,46,rectangle
result/random_shapes_730.png,25,60,56,91,circle
result/random_shapes_730.png,28,22,77,71,circle
result/random_shapes_730.png,0,16,20,47,rectangle
result/random_shapes_731.png,72,39,89,56,circle
result/random_shapes_731.png,53,40,90,83,rectangle
result/random_shapes_731.png,2,33,6,62,triangle
result/random_shapes_732.png,27,43,77,78,rectangle
result/random_shapes_732.png,13,40,38,75,rectangle
result/random_shapes_732.png,42,69,72,99,circle
result/random_shapes_733.png,3,22,69,82,triangle
result/random_shapes_733.png,11,65,76,95,triangle
result/random_shapes_734.png,58,14,94,82,triangle
result/random_shapes_734.png,5,27,71,75,triangle
result/random_shapes_735.png,51,13,68,24,rectangle
result/random_shapes_735.png,41,28,90,77,circle
result/random_shapes_735.png,11,86,70,89,triangle
result/random_shapes_736.png,17,20,80,74,triangle
result/random_shapes_737.png,46,0,57,15,rectangle
result/random_shapes_737.png,38,8,77,32,rectangle
result/random_shapes_737.png,12,57,23,86,rectangle
result/random_shapes_738.png,15,20,62,67,circle
result/random_shapes_738.png,25,23,92,77,triangle
result/random_shapes_738.png,3,9,29,35,circle
result/random_shapes_739.png,24,15,63,55,rectangle
result/random_shapes_739.png,81,80,93,92,circle
result/random_shapes_739.png,10,28,70,77,triangle
result/random_shapes_740.png,28,35,74,81,circle
result/random_shapes_741.png,25,56,41,72,circle
result/random_shapes_741.png,0,20,17,59,rectangle
result/random_shapes_742.png,12,18,55,61,circle
result/random_shapes_742.png,18,15,52,26,triangle
result/random_shapes_743.png,8,39,57,88,circle
result/random_shapes_743.png,29,78,41,88,rectangle
result/random_shapes_744.png,48,57,88,97,circle
result/random_shapes_744.png,8,0,57,45,rectangle
result/random_shapes_744.png,61,73,76,88,circle
result/random_shapes_745.png,65,5,100,40,circle
result/random_shapes_745.png,40,6,44,85,triangle
result/random_shapes_745.png,6,7,52,26,rectangle
result/random_shapes_746.png,50,44,94,88,circle
result/random_shapes_747.png,39,41,97,74,triangle
result/random_shapes_747.png,9,58,24,83,rectangle
result/random_shapes_747.png,53,73,73,93,circle
result/random_shapes_748.png,38,70,88,88,rectangle
result/random_shapes_748.png,31,8,60,28,rectangle
result/random_shapes_748.png,3,8,46,51,circle
result/random_shapes_749.png,40,55,77,92,circle
result/random_shapes_749.png,36,8,67,53,rectangle
result/random_shapes_749.png,42,71,56,85,circle
result/random_shapes_750.png,29,33,92,71,triangle
result/random_shapes_751.png,74,76,90,92,circle
result/random_shapes_751.png,24,62,57,95,circle
result/random_shapes_751.png,42,34,87,60,triangle
result/random_shapes_752.png,39,33,74,68,circle
result/random_shapes_753.png,18,25,95,93,triangle
result/random_shapes_754.png,13,47,42,93,rectangle
result/random_shapes_754.png,68,30,98,74,rectangle
result/random_shapes_754.png,9,43,47,93,triangle
result/random_shapes_755.png,44,52,80,86,rectangle
result/random_shapes_755.png,30,16,66,52,circle
result/random_shapes_755.png,5,15,100,59,triangle
result/random_shapes_756.png,9,1,50,42,circle
result/random_shapes_756.png,56,45,87,58,rectangle
result/random_shapes_756.png,62,23,100,61,rectangle
result/random_shapes_757.png,47,46,97,74,triangle
result/random_shapes_757.png,82,56,92,66,circle
result/random_shapes_758.png,0,15,91,87,triangle
result/random_shapes_758.png,54,28,77,51,circle
result/random_shapes_759.png,48,1,73,100,triangle
result/random_shapes_759.png,1,62,24,85,circle
result/random_shapes_760.png,56,29,93,61,rectangle
result/random_shapes_760.png,53,17,76,92,triangle
result/random_shapes_761.png,6,66,33,93,circle
result/random_shapes_762.png,13,23,49,66,triangle
result/random_shapes_762.png,18,40,88,55,triangle
result/random_shapes_763.png,48,53,79,84,circle
result/random_shapes_763.png,42,13,83,98,triangle
result/random_shapes_763.png,4,38,81,91,triangle
result/random_shapes_764.png,7,30,39,58,rectangle
result/random_shapes_764.png,9,12,80,63,triangle
result/random_shapes_765.png,2,19,46,34,rectangle
result/random_shapes_765.png,51,65,68,82,circle
result/random_shapes_766.png,34,40,63,91,triangle
result/random_shapes_766.png,39,34,62,63,rectangle
result/random_shapes_767.png,18,38,49,80,rectangle
result/random_shapes_767.png,29,11,54,89,triangle
result/random_shapes_767.png,48,6,55,76,triangle
result/random_shapes_768.png,75,0,93,43,triangle
result/random_shapes_769.png,22,11,60,49,circle
result/random_shapes_770.png,0,12,38,50,circle
result/random_shapes_771.png,30,52,66,88,circle
result/random_shapes_771.png,18,28,68,78,circle
result/random_shapes_772.png,17,49,62,61,rectangle
result/random_shapes_772.png,16,13,41,37,rectangle
result/random_shapes_772.png,28,31,88,64,triangle
result/random_shapes_773.png,13,7,45,39,circle
result/random_shapes_773.png,35,45,59,69,circle
result/random_shapes_774.png,76,18,99,39,rectangle
result/random_shapes_774.png,29,65,64,80,rectangle
result/random_shapes_775.png,23,9,66,25,rectangle
result/random_shapes_775.png,49,16,93,50,rectangle
result/random_shapes_775.png,67,50,87,92,rectangle
result/random_shapes_776.png,32,42,81,53,rectangle
result/random_shapes_776.png,2,10,20,28,circle
result/random_shapes_777.png,38,9,49,44,rectangle
result/random_shapes_777.png,66,70,96,100,circle
result/random_shapes_777.png,29,52,39,99,rectangle
result/random_shapes_778.png,7,6,87,83,triangle
result/random_shapes_778.png,28,30,79,48,triangle
result/random_shapes_779.png,5,24,64,75,triangle
result/random_shapes_779.png,44,29,73,73,rectangle
result/random_shapes_780.png,21,5,71,55,circle
result/random_shapes_780.png,3,43,64,93,triangle
result/random_shapes_781.png,45,5,67,94,triangle
result/random_shapes_781.png,1,42,54,57,triangle
result/random_shapes_782.png,20,55,55,90,circle
result/random_shapes_782.png,55,59,67,71,circle
result/random_shapes_782.png,61,64,82,85,circle
result/random_shapes_783.png,67,22,94,49,circle
result/random_shapes_783.png,38,28,80,79,triangle
result/random_shapes_784.png,27,25,50,48,circle
result/random_shapes_784.png,26,12,58,48,rectangle
result/random_shapes_785.png,30,60,50,80,circle
result/random_shapes_786.png,8,15,35,42,rectangle
result/random_shapes_786.png,8,65,41,98,circle
result/random_shapes_787.png,35,64,78,97,rectangle
result/random_shapes_787.png,36,44,57,65,circle
result/random_shapes_788.png,29,19,74,64,circle
result/random_shapes_788.png,3,58,82,81,triangle
result/random_shapes_789.png,68,34,81,67,rectangle
result/random_shapes_790.png,35,70,83,92,rectangle
result/random_shapes_791.png,65,26,75,36,circle
result/random_shapes_791.png,19,38,56,85,rectangle
result/random_shapes_791.png,28,54,41,67,circle
result/random_shapes_792.png,34,45,48,95,rectangle
result/random_shapes_792.png,12,3,81,82,triangle
result/random_shapes_792.png,22,51,91,92,triangle
result/random_shapes_793.png,17,2,57,42,circle
result/random_shapes_793.png,6,3,78,96,triangle
result/random_shapes_794.png,42,9,72,94,triangle
result/random_shapes_794.png,25,34,75,84,circle
result/random_shapes_795.png,32,4,78,56,triangle
result/random_shapes_796.png,59,35,100,76,rectangle
result/random_shapes_796.png,20,52,68,100,circle
result/random_shapes_797.png,62,45,79,62,circle
result/random_shapes_798.png,77,45,99,67,circle
result/random_shapes_798.png,17,26,32,41,circle
result/random_shapes_798.png,7,11,25,29,circle
result/random_shapes_799.png,16,3,63,21,triangle
result/random_shapes_799.png,19,48,37,80,rectangle
result/random_shapes_800.png,42,22,84,66,rectangle
result/random_shapes_801.png,14,12,84,79,triangle
result/random_shapes_802.png,62,34,84,56,circle
result/random_shapes_802.png,21,16,69,97,triangle
result/random_shapes_802.png,35,41,66,51,rectangle
result/random_shapes_803.png,55,19,93,66,rectangle
result/random_shapes_804.png,30,12,71,58,rectangle
result/random_shapes_804.png,0,17,46,59,triangle
result/random_shapes_805.png,8,55,30,77,circle
result/random_shapes_806.png,55,30,74,66,rectangle
result/random_shapes_807.png,35,52,52,69,circle
result/random_shapes_807.png,37,2,78,27,rectangle
result/random_shapes_808.png,58,36,99,77,circle
result/random_shapes_808.png,70,51,92,82,triangle
result/random_shapes_809.png,49,69,63,83,circle
result/random_shapes_809.png,53,2,67,53,triangle
result/random_shapes_809.png,45,45,89,89,circle
result/random_shapes_810.png,54,63,77,86,circle
result/random_shapes_810.png,25,22,41,41,rectangle
result/random_shapes_811.png,35,2,54,24,rectangle
result/random_shapes_811.png,3,9,28,74,triangle
result/random_shapes_811.png,47,44,61,56,rectangle
result/random_shapes_812.png,11,23,60,72,circle
result/random_shapes_812.png,72,34,86,95,triangle
result/random_shapes_813.png,9,38,56,60,rectangle
result/random_shapes_814.png,72,2,88,44,rectangle
result/random_shapes_814.png,4,42,29,81,triangle
result/random_shapes_815.png,44,45,83,74,rectangle
result/random_shapes_816.png,14,22,40,59,rectangle
result/random_shapes_816.png,48,1,86,34,rectangle
result/random_shapes_817.png,32,60,69,99,rectangle
result/random_shapes_817.png,41,70,54,83,circle
result/random_shapes_818.png,36,20,86,70,circle
result/random_shapes_819.png,60,6,76,97,triangle
result/random_shapes_819.png,21,0,56,91,triangle
result/random_shapes_819.png,16,33,44,87,triangle
result/random_shapes_820.png,20,33,66,79,circle
result/random_shapes_820.png,41,39,64,51,rectangle
result/random_shapes_820.png,15,19,57,61,circle
result/random_shapes_821.png,75,17,93,35,circle
result/random_shapes_821.png,59,56,94,91,circle
result/random_shapes_822.png,21,23,43,49,rectangle
result/random_shapes_822.png,84,12,97,25,circle
result/random_shapes_823.png,6,30,45,80,triangle
result/random_shapes_824.png,18,11,45,38,circle
result/random_shapes_825.png,21,20,37,60,rectangle
result/random_shapes_826.png,47,37,62,80,rectangle
result/random_shapes_826.png,2,34,16,48,circle
result/random_shapes_826.png,44,16,93,65,circle
result/random_shapes_827.png,39,16,80,57,circle
result/random_shapes_827.png,25,67,48,90,rectangle
result/random_shapes_828.png,66,7,96,37,circle
result/random_shapes_828.png,48,40,89,81,circle
result/random_shapes_828.png,49,50,67,68,circle
result/random_shapes_829.png,53,20,96,63,circle
result/random_shapes_830.png,60,25,76,66,rectangle
result/random_shapes_831.png,0,9,25,65,triangle
result/random_shapes_831.png,56,35,89,82,triangle
result/random_shapes_831.png,11,52,56,73,triangle
result/random_shapes_832.png,7,76,24,93,circle
result/random_shapes_833.png,55,58,97,100,circle
result/random_shapes_834.png,47,13,79,42,rectangle
result/random_shapes_834.png,38,12,50,35,rectangle
result/random_shapes_834.png,51,14,93,56,rectangle
result/random_shapes_835.png,37,21,82,49,triangle
result/random_shapes_835.png,27,1,65,71,triangle
result/random_shapes_836.png,66,56,86,98,rectangle
result/random_shapes_836.png,56,35,79,56,rectangle
result/random_shapes_837.png,4,54,31,81,circle
result/random_shapes_838.png,49,9,60,20,rectangle
result/random_shapes_839.png,50,62,97,89,rectangle
result/random_shapes_840.png,23,54,51,82,circle
result/random_shapes_840.png,18,72,71,85,triangle
result/random_shapes_840.png,53,46,99,92,circle
result/random_shapes_841.png,4,40,38,53,rectangle
result/random_shapes_841.png,36,15,60,55,rectangle
result/random_shapes_842.png,2,14,90,67,triangle
result/random_shapes_842.png,5,31,44,70,circle
result/random_shapes_843.png,42,63,61,77,rectangle
result/random_shapes_844.png,5,1,44,40,circle
result/random_shapes_844.png,23,37,55,69,circle
result/random_shapes_845.png,34,41,93,77,triangle
result/random_shapes_846.png,13,82,45,97,rectangle
result/random_shapes_846.png,5,1,69,55,triangle
result/random_shapes_846.png,3,3,16,16,circle
result/random_shapes_847.png,10,53,25,68,circle
result/random_shapes_847.png,38,44,84,59,rectangle
result/random_shapes_847.png,22,16,69,63,circle
result/random_shapes_848.png,2,10,52,43,triangle
result/random_shapes_849.png,53,36,91,70,rectangle
result/random_shapes_849.png,9,27,52,96,triangle
result/random_shapes_849.png,21,43,55,77,circle
result/random_shapes_850.png,58,42,89,55,rectangle
result/random_shapes_850.png,18,36,65,66,triangle
result/random_shapes_850.png,56,71,71,93,rectangle
result/random_shapes_851.png,2,26,38,61,rectangle
result/random_shapes_851.png,44,85,80,99,rectangle
result/random_shapes_851.png,31,61,58,76,rectangle
result/random_shapes_852.png,39,43,83,87,circle
result/random_shapes_852.png,12,21,78,78,triangle
result/random_shapes_853.png,48,36,73,72,triangle
result/random_shapes_854.png,6,24,53,58,triangle
result/random_shapes_855.png,25,2,43,67,triangle
result/random_shapes_855.png,15,62,42,89,circle
result/random_shapes_855.png,18,2,83,46,triangle
result/random_shapes_856.png,18,35,62,79,circle
result/random_shapes_856.png,16,32,79,52,triangle
result/random_shapes_856.png,6,61,76,91,triangle
result/random_shapes_857.png,59,22,78,41,circle
result/random_shapes_857.png,37,10,88,100,triangle
result/random_shapes_857.png,7,20,31,44,circle
result/random_shapes_858.png,11,25,83,65,triangle
result/random_shapes_859.png,29,4,91,22,triangle
result/random_shapes_860.png,35,1,77,21,triangle
result/random_shapes_860.png,57,57,80,80,circle
result/random_shapes_860.png,28,0,82,83,triangle
result/random_shapes_861.png,13,1,83,68,triangle
result/random_shapes_861.png,12,71,44,92,triangle
result/random_shapes_861.png,36,19,79,62,circle
result/random_shapes_862.png,33,7,80,77,triangle
result/random_shapes_863.png,23,7,39,55,rectangle
result/random_shapes_863.png,11,1,53,35,rectangle
result/random_shapes_864.png,43,1,70,28,circle
result/random_shapes_865.png,44,74,82,94,rectangle
result/random_shapes_866.png,4,66,20,88,rectangle
result/random_shapes_867.png,1,15,80,74,triangle
result/random_shapes_867.png,84,47,98,86,rectangle
result/random_shapes_868.png,29,48,73,92,circle
result/random_shapes_868.png,18,34,33,49,circle
result/random_shapes_868.png,10,42,36,68,circle
result/random_shapes_869.png,19,60,63,97,rectangle
result/random_shapes_869.png,10,78,29,97,circle
result/random_shapes_870.png,18,40,60,51,rectangle
result/random_shapes_871.png,6,24,78,89,triangle
result/random_shapes_872.png,8,23,54,62,rectangle
result/random_shapes_872.png,31,46,74,89,circle
result/random_shapes_872.png,25,33,39,51,triangle
result/random_shapes_873.png,42,26,84,92,triangle
result/random_shapes_873.png,25,48,69,87,rectangle
result/random_shapes_873.png,37,7,84,44,rectangle
result/random_shapes_874.png,26,42,38,82,rectangle
result/random_shapes_874.png,11,18,42,47,triangle
result/random_shapes_875.png,21,27,64,70,circle
result/random_shapes_876.png,75,63,91,86,rectangle
result/random_shapes_877.png,46,52,77,83,circle
result/random_shapes_877.png,57,26,97,56,triangle
result/random_shapes_877.png,2,3,79,63,triangle
result/random_shapes_878.png,3,3,45,54,triangle
result/random_shapes_878.png,40,36,84,62,rectangle
result/random_shapes_878.png,60,14,82,69,triangle
result/random_shapes_879.png,44,43,56,51,triangle
result/random_shapes_880.png,40,8,75,44,rectangle
result/random_shapes_880.png,25,34,40,49,circle
result/random_shapes_881.png,5,30,66,70,triangle
result/random_shapes_881.png,51,82,73,95,rectangle
result/random_shapes_881.png,3,25,59,42,triangle
result/random_shapes_882.png,19,10,69,83,triangle
result/random_shapes_882.png,59,40,100,81,circle
result/random_shapes_882.png,2,25,33,64,triangle
result/random_shapes_883.png,41,42,76,77,circle
result/random_shapes_883.png,17,41,49,73,circle
result/random_shapes_883.png,45,2,58,50,rectangle
result/random_shapes_884.png,1,28,68,97,triangle
result/random_shapes_884.png,19,77,94,95,triangle
result/random_shapes_884.png,52,64,69,81,circle
result/random_shapes_885.png,9,67,41,99,circle
result/random_shapes_885.png,65,6,91,54,rectangle
result/random_shapes_886.png,59,10,83,34,circle
result/random_shapes_886.png,19,35,63,79,circle
result/random_shapes_886.png,22,17,51,54,triangle
result/random_shapes_887.png,16,30,49,44,rectangle
result/random_shapes_887.png,62,28,90,71,rectangle
result/random_shapes_888.png,55,30,77,69,triangle
result/random_shapes_888.png,18,47,63,60,rectangle
result/random_shapes_888.png,35,19,60,33,rectangle
result/random_shapes_889.png,26,77,68,98,rectangle
result/random_shapes_889.png,44,8,73,37,circle
result/random_shapes_890.png,4,30,52,78,circle
result/random_shapes_890.png,62,46,86,74,rectangle
result/random_shapes_890.png,63,8,68,85,triangle
result/random_shapes_891.png,34,21,78,66,rectangle
result/random_shapes_891.png,30,7,75,61,triangle
result/random_shapes_891.png,45,27,93,75,circle
result/random_shapes_892.png,43,2,92,50,rectangle
result/random_shapes_892.png,23,64,79,83,triangle
result/random_shapes_892.png,16,17,39,39,triangle
result/random_shapes_893.png,21,38,47,64,circle
result/random_shapes_893.png,17,44,85,86,triangle
result/random_shapes_894.png,30,6,67,32,rectangle
result/random_shapes_894.png,13,21,66,67,triangle
result/random_shapes_895.png,45,54,70,82,rectangle
result/random_shapes_896.png,47,22,89,77,triangle
result/random_shapes_897.png,27,44,55,85,rectangle
result/random_shapes_897.png,57,21,83,41,rectangle
result/random_shapes_898.png,69,35,94,75,rectangle
result/random_shapes_898.png,65,43,95,73,circle
result/random_shapes_899.png,85,65,99,79,circle
result/random_shapes_899.png,11,34,30,51,rectangle
result/random_shapes_899.png,52,25,93,43,rectangle
result/random_shapes_900.png,14,44,50,80,circle
result/random_shapes_900.png,29,1,94,60,triangle
result/random_shapes_900.png,17,26,65,54,rectangle
result/random_shapes_901.png,10,69,31,90,circle
result/random_shapes_901.png,30,15,83,51,triangle
result/random_shapes_902.png,28,17,69,58,circle
result/random_shapes_903.png,21,60,55,100,rectangle
result/random_shapes_904.png,28,10,76,58,circle
result/random_shapes_904.png,45,10,93,97,triangle
result/random_shapes_904.png,62,24,92,74,rectangle
result/random_shapes_905.png,16,3,85,45,triangle
result/random_shapes_905.png,21,15,54,48,circle
result/random_shapes_905.png,10,49,26,65,circle
result/random_shapes_906.png,57,57,73,79,rectangle
result/random_shapes_906.png,6,50,94,95,triangle
result/random_shapes_906.png,9,45,57,93,circle
result/random_shapes_907.png,1,64,99,72,triangle
result/random_shapes_908.png,49,3,85,89,triangle
result/random_shapes_908.png,42,38,65,66,rectangle
result/random_shapes_909.png,31,28,80,77,circle
result/random_shapes_910.png,4,22,35,62,rectangle
result/random_shapes_910.png,37,10,97,100,triangle
result/random_shapes_910.png,47,43,71,67,circle
result/random_shapes_911.png,8,52,52,96,circle
result/random_shapes_911.png,70,33,82,63,rectangle
result/random_shapes_911.png,47,1,96,27,rectangle
result/random_shapes_912.png,22,10,71,43,rectangle
result/random_shapes_913.png,46,25,92,95,triangle
result/random_shapes_913.png,45,1,81,71,triangle
result/random_shapes_913.png,9,27,44,41,rectangle
result/random_shapes_914.png,28,3,45,19,rectangle
result/random_shapes_915.png,34,31,84,81,circle
result/random_shapes_915.png,33,65,80,75,rectangle
result/random_shapes_916.png,21,40,56,75,rectangle
result/random_shapes_916.png,34,36,63,65,circle
result/random_shapes_917.png,67,69,91,82,rectangle
result/random_shapes_918.png,15,48,33,67,rectangle
result/random_shapes_918.png,15,9,73,38,triangle
result/random_shapes_918.png,3,35,20,49,rectangle
result/random_shapes_919.png,4,51,100,100,triangle
result/random_shapes_919.png,54,59,97,84,rectangle
result/random_shapes_920.png,85,28,97,40,circle
result/random_shapes_921.png,2,13,28,39,circle
result/random_shapes_921.png,25,81,37,93,circle
result/random_shapes_922.png,28,0,85,47,triangle
result/random_shapes_923.png,51,31,97,44,rectangle
result/random_shapes_924.png,73,15,99,46,triangle
result/random_shapes_925.png,85,0,95,35,rectangle
result/random_shapes_926.png,39,20,76,73,triangle
result/random_shapes_926.png,42,61,100,96,triangle
result/random_shapes_927.png,47,10,75,38,circle
result/random_shapes_928.png,55,52,76,73,rectangle
result/random_shapes_928.png,43,40,93,90,circle
result/random_shapes_928.png,41,28,93,74,triangle
result/random_shapes_929.png,4,10,27,55,rectangle
result/random_shapes_930.png,20,45,61,78,rectangle
result/random_shapes_931.png,21,16,49,66,triangle
result/random_shapes_932.png,42,24,80,62,circle
result/random_shapes_932.png,61,18,76,33,circle
result/random_shapes_933.png,52,57,86,91,circle
result/random_shapes_933.png,21,16,38,36,rectangle
result/random_shapes_933.png,16,26,53,63,circle
result/random_shapes_934.png,35,26,51,42,circle
result/random_shapes_935.png,5,11,82,57,triangle
result/random_shapes_935.png,23,39,46,55,rectangle
result/random_shapes_935.png,21,51,42,71,rectangle
result/random_shapes_936.png,31,51,56,76,circle
result/random_shapes_937.png,4,23,48,39,rectangle
result/random_shapes_938.png,4,27,40,69,triangle
result/random_shapes_938.png,17,33,95,91,triangle
result/random_shapes_939.png,10,53,39,86,rectangle
result/random_shapes_940.png,86,30,100,52,rectangle
result/random_shapes_941.png,3,26,35,58,circle
result/random_shapes_941.png,72,62,88,78,circle
result/random_shapes_941.png,22,47,47,80,rectangle
result/random_shapes_942.png,6,20,97,65,triangle
result/random_shapes_943.png,70,6,97,33,circle
result/random_shapes_943.png,50,17,99,62,rectangle
result/random_shapes_943.png,31,12,81,48,triangle
result/random_shapes_944.png,15,6,59,50,circle
result/random_shapes_944.png,6,66,30,92,rectangle
result/random_shapes_944.png,53,39,92,78,circle
result/random_shapes_945.png,57,45,90,59,rectangle
result/random_shapes_946.png,49,54,98,99,rectangle
result/random_shapes_946.png,40,21,79,64,triangle
result/random_shapes_946.png,42,39,92,89,circle
result/random_shapes_947.png,23,22,48,49,rectangle
result/random_shapes_948.png,58,65,94,83,triangle
result/random_shapes_948.png,36,12,65,53,rectangle
result/random_shapes_948.png,12,48,48,75,rectangle
result/random_shapes_949.png,20,20,98,90,triangle
result/random_shapes_949.png,41,32,71,62,circle
result/random_shapes_950.png,20,12,62,54,circle
result/random_shapes_950.png,74,50,86,99,rectangle
result/random_shapes_950.png,34,0,72,38,circle
result/random_shapes_951.png,12,84,27,99,circle
result/random_shapes_952.png,2,7,13,48,rectangle
result/random_shapes_952.png,71,25,91,45,circle
result/random_shapes_953.png,17,21,42,46,circle
result/random_shapes_953.png,6,27,35,50,rectangle
result/random_shapes_954.png,8,9,52,48,triangle
result/random_shapes_954.png,53,12,77,36,circle
result/random_shapes_955.png,14,20,33,70,rectangle
result/random_shapes_955.png,9,47,73,95,triangle
result/random_shapes_956.png,28,5,71,38,rectangle
result/random_shapes_957.png,48,32,85,69,circle
result/random_shapes_957.png,30,41,47,58,circle
result/random_shapes_958.png,41,41,86,86,circle
result/random_shapes_959.png,44,46,82,69,rectangle
result/random_shapes_959.png,72,27,95,50,circle
result/random_shapes_959.png,7,37,53,83,circle
result/random_shapes_960.png,2,19,69,90,triangle
result/random_shapes_960.png,12,24,74,99,triangle
result/random_shapes_960.png,15,7,61,34,rectangle
result/random_shapes_961.png,16,65,42,91,circle
result/random_shapes_962.png,49,0,97,48,circle
result/random_shapes_962.png,60,38,74,52,circle
result/random_shapes_962.png,5,10,28,34,triangle
result/random_shapes_963.png,20,22,76,97,triangle
result/random_shapes_964.png,63,44,99,80,circle
result/random_shapes_964.png,54,44,89,79,circle
result/random_shapes_964.png,2,44,33,75,circle
result/random_shapes_965.png,18,62,98,90,triangle
result/random_shapes_965.png,19,45,39,65,circle
result/random_shapes_966.png,67,31,99,66,rectangle
result/random_shapes_966.png,56,24,89,64,triangle
result/random_shapes_966.png,26,19,58,51,circle
result/random_shapes_967.png,71,70,84,85,rectangle
result/random_shapes_967.png,65,69,91,95,circle
result/random_shapes_968.png,0,52,59,86,triangle
result/random_shapes_968.png,24,53,40,90,rectangle
result/random_shapes_969.png,17,51,99,87,triangle
result/random_shapes_969.png,28,37,52,62,rectangle
result/random_shapes_969.png,8,30,77,97,triangle
result/random_shapes_970.png,80,74,98,92,circle
result/random_shapes_971.png,16,58,74,98,triangle
result/random_shapes_971.png,28,27,98,65,triangle
result/random_shapes_971.png,26,19,95,90,triangle
result/random_shapes_972.png,73,18,95,40,circle
result/random_shapes_972.png,6,73,99,91,triangle
result/random_shapes_972.png,32,19,43,67,rectangle
result/random_shapes_973.png,2,8,26,20,rectangle
result/random_shapes_973.png,30,0,98,68,triangle
result/random_shapes_973.png,27,23,66,40,rectangle
result/random_shapes_974.png,13,18,65,47,triangle
result/random_shapes_974.png,36,19,78,61,circle
result/random_shapes_975.png,30,48,61,79,circle
result/random_shapes_975.png,7,25,78,65,triangle
result/random_shapes_976.png,26,36,64,80,rectangle
result/random_shapes_977.png,11,50,90,76,triangle
result/random_shapes_978.png,43,29,56,62,rectangle
result/random_shapes_978.png,54,16,71,46,rectangle
result/random_shapes_978.png,66,59,83,71,rectangle
result/random_shapes_979.png,72,17,85,30,circle
result/random_shapes_979.png,75,88,89,99,rectangle
result/random_shapes_980.png,2,31,33,72,rectangle
result/random_shapes_980.png,5,20,55,70,circle
result/random_shapes_981.png,2,22,30,54,rectangle
result/random_shapes_981.png,60,51,87,69,rectangle
result/random_shapes_982.png,51,3,84,32,rectangle
result/random_shapes_982.png,22,10,51,39,rectangle
result/random_shapes_983.png,25,28,46,49,circle
result/random_shapes_984.png,66,43,82,59,circle
result/random_shapes_984.png,18,45,80,99,triangle
result/random_shapes_985.png,18,1,54,19,rectangle
result/random_shapes_986.png,36,17,73,73,triangle
result/random_shapes_986.png,27,8,44,25,circle
result/random_shapes_987.png,1,46,27,70,rectangle
result/random_shapes_988.png,43,62,68,87,circle
result/random_shapes_988.png,3,78,88,94,triangle
result/random_shapes_988.png,69,39,90,60,circle
result/random_shapes_989.png,36,19,89,82,triangle
result/random_shapes_989.png,42,41,78,69,rectangle
result/random_shapes_990.png,2,70,16,92,rectangle
result/random_shapes_991.png,45,9,89,53,circle
result/random_shapes_992.png,9,83,65,95,triangle
result/random_shapes_992.png,72,2,99,29,circle
result/random_shapes_992.png,1,31,65,98,triangle
result/random_shapes_993.png,15,49,55,89,circle
result/random_shapes_994.png,30,3,79,49,rectangle
result/random_shapes_994.png,22,34,67,81,rectangle
result/random_shapes_995.png,10,30,28,83,triangle
result/random_shapes_996.png,40,58,81,99,circle
result/random_shapes_996.png,54,8,70,67,triangle
result/random_shapes_997.png,9,46,87,91,triangle
result/random_shapes_997.png,80,75,97,92,circle
result/random_shapes_997.png,5,17,92,91,triangle
result/random_shapes_998.png,25,8,86,44,triangle
result/random_shapes_998.png,13,42,36,65,rectangle
result/random_shapes_999.png,51,47,88,86,rectangle
result/random_shapes_999.png,32,3,100,95,triangle
result/random_shapes_999.png,25,29,36,43,rectangle
result/random_shapes_1000.png,56,72,77,93,circle
